length,velocity_x,velocity_y
0.4199999999999875,21.52777777777778,34.72222222222222
