length,velocity_x,velocity_y
0.5999999999999659,14.903846153846157,23.717948717948715
