length,velocity_x,velocity_y
0.32313000000002035,24.305555555555554,34.72222222222223
