length,velocity_x,velocity_y
0.1500000000000341,5.208333333333333,8.333333333333332
