length,velocity_x,velocity_y
0.29999999999999716,12.847222222222223,19.09722222222222
