length,velocity_x,velocity_y
0.27000000000001023,11.666666666666666,16.25
