length,velocity_x,velocity_y
0.3299999999999841,29.166666666666668,57.98611111111111
