length,velocity_x,velocity_y
0.2703520000000026,90.41666666666669,35.0
