length,velocity_x,velocity_y
0.2699999999999818,20.0,22.083333333333336
