word,length,velocity_x,velocity_y
туда,0.240000000000002,34.0,51.49999999999999
