word,length,velocity_x,velocity_y
жить,0.21000000000003638,6.250000000000002,7.638888888888888
