word,length,velocity_x,velocity_y
месяца,0.6000000000000014,14.262820512820513,11.05769230769231
