word,length,velocity_x,velocity_y
месяца,0.6600000000000108,20.277777777777782,28.611111111111114
