word,length,velocity_x,velocity_y
такого,0.4161110000000008,55.00000000000001,40.25
