length,velocity_x,velocity_y
0.5099999999999909,42.23484848484848,22.916666666666668
