length,velocity_x,velocity_y
0.36000000000001364,5.654761904761905,7.738095238095237
