length,velocity_x,velocity_y
0.12000000000000455,50.0,72.91666666666666
