length,velocity_x,velocity_y
0.11999999999999034,14.583333333333334,22.916666666666664
