length,velocity_x,velocity_y
0.11999999999999034,22.916666666666664,12.5
