length,velocity_x,velocity_y
0.12000000000000455,45.83333333333333,33.33333333333333
