word,length,velocity_x,velocity_y
отношения,0.44999999999998863,16.203703703703702,25.694444444444443
