length,velocity_x,velocity_y
0.269999999999996,11.458333333333332,44.79166666666667
