length,velocity_x,velocity_y
0.17999999999999972,8.333333333333332,15.277777777777779
