length,velocity_x,velocity_y
0.16819299999997384,12.5,22.916666666666668
