length,velocity_x,velocity_y
0.6000000000000227,18.910256410256405,24.358974358974365
