length,velocity_x,velocity_y
0.17999999999999972,35.416666666666664,61.458333333333336
