length,velocity_x,velocity_y
0.6599999999999966,48.05555555555555,23.75
