length,velocity_x,velocity_y
0.3299999999999983,15.625,27.430555555555554
