word,length,velocity_x,velocity_y
говоря,0.4499999999998181,20.41666666666666,14.791666666666664
