length,velocity_x,velocity_y
0.4800000000000182,14.166666666666666,31.458333333333332
