length,velocity_x,velocity_y
0.6299999999999955,16.36904761904762,18.601190476190474
