length,velocity_x,velocity_y
0.3941019999999753,16.927083333333336,13.28125
