length,velocity_x,velocity_y
0.30000000000001137,28.472222222222225,22.222222222222225
