word,length,velocity_x,velocity_y
ведь,0.1527500000000046,63.0,13.999999999999998
