word,length,velocity_x,velocity_y
инициативе,0.92999999999995,19.742063492063494,30.257936507936506
