length,velocity_x,velocity_y
0.4800000000000182,8.75,8.541666666666666
