length,velocity_x,velocity_y
0.6000000000000227,13.62179487179487,18.10897435897436
