length,velocity_x,velocity_y
0.3300000000000409,13.690476190476192,15.773809523809526
