length,velocity_x,velocity_y
0.6299999999999955,24.851190476190474,37.648809523809526
