length,velocity_x,velocity_y
0.35999999999999943,33.63095238095239,27.67857142857143
