length,velocity_x,velocity_y
0.3299999999999983,16.36904761904762,17.857142857142858
