length,velocity_x,velocity_y
0.30000000000001137,49.30555555555556,12.152777777777777
