length,velocity_x,velocity_y
0.4200000000000159,19.675925925925927,20.370370370370374
