word,length,velocity_x,velocity_y
рейтинг,0.4199999999999591,7.291666666666667,19.010416666666668
