length,velocity_x,velocity_y
0.27000000000001023,10.9375,11.458333333333334
