word,length,velocity_x,velocity_y
тысяч,0.6299999999999955,15.178571428571425,36.45833333333333
