word,length,velocity_x,velocity_y
вам,0.15000000000009095,52.083333333333336,8.333333333333332
