length,velocity_x,velocity_y
0.332520000000045,39.58333333333333,46.18055555555555
