word,length,velocity_x,velocity_y
центр,0.5100000000000051,16.041666666666668,28.125
