length,velocity_x,velocity_y
0.5365359999999981,9.375,12.847222222222223
