length,velocity_x,velocity_y
0.30000000000001137,12.083333333333332,16.666666666666664
