length,velocity_x,velocity_y
0.4200000000000159,16.406249999999996,10.677083333333332
