length,velocity_x,velocity_y
0.3306520000000006,37.847222222222214,12.5
