word,length,velocity_x,velocity_y
хочу,0.3359070000000006,14.583333333333332,28.86904761904762
