length,velocity_x,velocity_y
0.47999999999998977,41.04166666666667,39.58333333333333
