length,velocity_x,velocity_y
0.29999999999998295,16.319444444444446,34.722222222222214
