length,velocity_x,velocity_y
0.35999999999999943,22.916666666666668,22.023809523809522
