word,length,velocity_x,velocity_y
три,0.18000000000006366,3.472222222222222,16.666666666666664
