word,length,velocity_x,velocity_y
как,0.14999999999986358,16.666666666666664,33.333333333333336
