word,length,velocity_x,velocity_y
надеюсь,0.57000000000005,6.423611111111109,5.729166666666666
