length,velocity_x,velocity_y
0.4200000000000159,7.812500000000002,8.593750000000002
