length,velocity_x,velocity_y
0.5999999999999943,18.429487179487182,14.903846153846153
