length,velocity_x,velocity_y
0.11999999999997613,20.833333333333336,29.166666666666668
