length,velocity_x,velocity_y
0.2400000000000091,6.770833333333333,10.416666666666668
