length,velocity_x,velocity_y
0.19001999999994723,11.805555555555554,8.333333333333332
