word,length,velocity_x,velocity_y
среди,0.32999999999992724,7.638888888888888,12.152777777777777
