length,velocity_x,velocity_y
0.21000000000000796,12.5,11.979166666666668
