length,velocity_x,velocity_y
0.4800000000000004,16.458333333333332,20.625
