length,velocity_x,velocity_y
0.3299999999999841,9.027777777777777,16.319444444444446
