length,velocity_x,velocity_y
0.29999999999999716,5.833333333333333,23.333333333333332
