length,velocity_x,velocity_y
0.30000000000001137,16.249999999999996,24.58333333333333
