length,velocity_x,velocity_y
0.25196400000000096,4.166666666666667,4.6875
