length,velocity_x,velocity_y
0.20999999999999974,14.583333333333334,36.11111111111111
