word,length,velocity_x,velocity_y
варианты,0.42000000000007276,6.25,22.916666666666664
