word,length,velocity_x,velocity_y
что,0.15000000000000036,16.666666666666664,26.041666666666664
