word,length,velocity_x,velocity_y
что,0.240000000000002,9.375,44.27083333333333
