word,length,velocity_x,velocity_y
что,0.41999999999999815,39.25,38.24999999999999
