word,length,velocity_x,velocity_y
простые,0.4800000000000182,25.0,13.750000000000002
