word,length,velocity_x,velocity_y
пятьсот,0.75,15.19607843137255,54.5343137254902
