word,length,velocity_x,velocity_y
ходить,0.35999999999999943,13.392857142857146,30.357142857142854
