word,length,velocity_x,velocity_y
ходить,0.3000000000000007,17.013888888888893,13.194444444444445
