word,length,velocity_x,velocity_y
придётся,0.38999999999987267,36.71875,39.322916666666664
