word,length,velocity_x,velocity_y
кого,0.2699999999999818,20.3125,40.104166666666664
