length,velocity_x,velocity_y
0.39000000000000057,19.010416666666668,26.5625
