length,velocity_x,velocity_y
0.11999999999999034,31.25,8.333333333333332
