length,velocity_x,velocity_y
0.1516110000000026,79.16666666666667,9.375
