length,velocity_x,velocity_y
0.36000000000001364,36.30952380952381,55.35714285714286
