length,velocity_x,velocity_y
0.20999999999997954,15.972222222222223,11.805555555555557
