word,length,velocity_x,velocity_y
происходить,0.8100000000000023,41.333333333333336,81.00000000000003
