word,length,velocity_x,velocity_y
сша,0.3713669999999638,28.86904761904762,39.88095238095239
