length,velocity_x,velocity_y
0.6299999999999955,31.101190476190478,36.01190476190476
