word,length,velocity_x,velocity_y
лишний,0.33000000000000185,8.333333333333334,10.714285714285714
