word,length,velocity_x,velocity_y
практически,0.5699999999999363,20.65972222222222,21.006944444444443
