word,length,velocity_x,velocity_y
фейсбуке,0.6599999999999966,41.25,43.472222222222214
