word,length,velocity_x,velocity_y
себе,0.2400000000000091,32.291666666666664,57.291666666666664
