length,velocity_x,velocity_y
0.1799999999999926,46.527777777777786,15.972222222222221
