length,velocity_x,velocity_y
0.44999999999998863,18.51851851851852,9.027777777777777
