length,velocity_x,velocity_y
0.5399999999999991,24.305555555555554,11.979166666666663
