length,velocity_x,velocity_y
0.5400000000000063,7.386363636363635,18.371212121212118
