length,velocity_x,velocity_y
0.45000000000000284,46.06481481481482,23.379629629629626
