length,velocity_x,velocity_y
0.38999999999998636,20.833333333333332,30.059523809523814
