length,velocity_x,velocity_y
0.6899999999999977,12.361111111111112,20.555555555555554
