length,velocity_x,velocity_y
0.47999999999996135,16.041666666666668,27.916666666666668
