length,velocity_x,velocity_y
0.15000000000000568,6.25,11.458333333333334
