word,length,velocity_x,velocity_y
двадцать,0.3900000000000432,11.458333333333334,19.791666666666664
