word,length,velocity_x,velocity_y
версия,0.39000000000000057,15.625,24.999999999999996
