length,velocity_x,velocity_y
0.26956099999999594,12.083333333333332,14.166666666666666
