length,velocity_x,velocity_y
0.240000000000002,18.75,15.104166666666668
