length,velocity_x,velocity_y
0.269999999999996,7.916666666666665,21.666666666666664
