word,length,velocity_x,velocity_y
потому,0.2999999999999545,86.45833333333331,67.70833333333334
