length,velocity_x,velocity_y
0.2400000000000091,23.958333333333336,15.625
