word,length,velocity_x,velocity_y
стороны,0.38999999999998636,9.895833333333332,28.90625
