word,length,velocity_x,velocity_y
вы,0.11999999999999034,8.333333333333332,18.75
