length,velocity_x,velocity_y
0.5100000000000016,24.375000000000004,33.125
