length,velocity_x,velocity_y
0.539999999999992,28.472222222222225,19.444444444444446
