length,velocity_x,velocity_y
0.6899999999999977,19.921875,23.697916666666664
