length,velocity_x,velocity_y
0.5099999999999909,11.458333333333332,22.708333333333336
