length,velocity_x,velocity_y
0.5099999999999909,12.689393939393941,15.151515151515152
