length,velocity_x,velocity_y
0.33000000000000007,8.928571428571427,12.202380952380953
