length,velocity_x,velocity_y
0.6299999999999955,15.705128205128204,27.24358974358974
