word,length,velocity_x,velocity_y
на,0.240000000000002,90.10416666666666,38.020833333333336
