length,velocity_x,velocity_y
0.27000000000001023,22.395833333333336,16.145833333333332
