length,velocity_x,velocity_y
0.15000000000000568,39.583333333333336,46.875
