length,velocity_x,velocity_y
0.269999999999996,14.166666666666666,15.416666666666668
