word,length,velocity_x,velocity_y
полная,0.44999999999998863,22.291666666666664,57.29166666666667
