length,velocity_x,velocity_y
0.4799999999999969,20.833333333333332,15.0
