length,velocity_x,velocity_y
0.4800000000000182,17.916666666666664,20.625
