length,velocity_x,velocity_y
0.3300000000000125,12.152777777777777,9.027777777777779
