length,velocity_x,velocity_y
0.18000000000000682,34.375,32.29166666666667
