length,velocity_x,velocity_y
0.29999999999999716,9.027777777777779,5.902777777777777
