length,velocity_x,velocity_y
0.20831499999999892,13.194444444444445,9.027777777777779
