length,velocity_x,velocity_y
0.20999999999997954,10.416666666666668,8.333333333333332
