length,velocity_x,velocity_y
0.3299999999999983,16.666666666666664,27.430555555555554
