length,velocity_x,velocity_y
0.3599999999999568,21.428571428571434,24.404761904761905
