word,length,velocity_x,velocity_y
пищу,0.45000000000000284,12.888888888888888,30.222222222222218
