word,length,velocity_x,velocity_y
ли,0.12000000000000455,25.0,20.833333333333336
