length,velocity_x,velocity_y
0.21000000000000796,11.11111111111111,8.333333333333332
