length,velocity_x,velocity_y
0.3299999999999841,42.26190476190477,33.333333333333336
