length,velocity_x,velocity_y
0.30000000000001137,19.583333333333336,27.499999999999996
