length,velocity_x,velocity_y
0.3299999999999841,51.38888888888889,70.13888888888889
