word,length,velocity_x,velocity_y
именно,0.2999999999999545,17.5,12.916666666666664
