word,length,velocity_x,velocity_y
если,0.240000000000002,33.00000000000001,19.5
