length,velocity_x,velocity_y
0.5400000000000205,15.624999999999996,26.21527777777778
