word,length,velocity_x,velocity_y
мира,0.3300000000000125,10.76388888888889,22.916666666666664
