length,velocity_x,velocity_y
0.38999999999998636,29.947916666666668,24.739583333333332
