word,length,velocity_x,velocity_y
взять,0.32999999999992724,30.555555555555554,26.38888888888889
