length,velocity_x,velocity_y
0.20999999999997954,11.805555555555554,18.75
