length,velocity_x,velocity_y
0.4199999999999875,29.398148148148145,25.0
