length,velocity_x,velocity_y
0.30000000000000426,40.97222222222223,32.29166666666667
