length,velocity_x,velocity_y
0.29999999999999716,21.25,22.08333333333333
