length,velocity_x,velocity_y
0.4200000000000017,15.624999999999996,16.40625
