word,length,velocity_x,velocity_y
серьёзно,0.5082280000001447,16.28787878787879,43.75
