length,velocity_x,velocity_y
0.12000000000000455,87.5,27.083333333333332
