length,velocity_x,velocity_y
0.21000000000000796,14.0625,16.666666666666664
