length,velocity_x,velocity_y
0.09000000000003183,12.5,10.416666666666668
