length,velocity_x,velocity_y
0.3900000000000148,20.052083333333336,28.90625
