word,length,velocity_x,velocity_y
доказать,0.45000000000000284,21.041666666666664,28.125
