length,velocity_x,velocity_y
0.2400000000000091,15.625000000000004,15.624999999999996
