length,velocity_x,velocity_y
0.3300000000000409,14.23611111111111,21.180555555555554
