length,velocity_x,velocity_y
0.11862299999995685,41.66666666666667,18.75
