length,velocity_x,velocity_y
0.2953349999999999,8.75,19.583333333333336
