length,velocity_x,velocity_y
0.6000000000000227,9.294871794871797,17.30769230769231
