word,length,velocity_x,velocity_y
говорить,0.4800000000000182,27.70833333333333,15.000000000000002
