length,velocity_x,velocity_y
0.45000000000000284,9.791666666666666,12.708333333333332
