word,length,velocity_x,velocity_y
может,0.2400000000000091,70.3125,9.895833333333332
