word,length,velocity_x,velocity_y
можете,0.269999999999996,19.583333333333332,23.75
