word,length,velocity_x,velocity_y
вес,0.26127099999999714,8.333333333333334,22.916666666666668
