length,velocity_x,velocity_y
0.3694629999999961,8.630952380952381,13.095238095238097
