word,length,velocity_x,velocity_y
сотрудников,0.6300000000001091,16.220238095238095,47.91666666666667
