length,velocity_x,velocity_y
0.12000000000000455,70.83333333333334,52.083333333333336
