word,length,velocity_x,velocity_y
наверное,0.32999999999992724,13.69047619047619,25.297619047619047
