length,velocity_x,velocity_y
0.39000000000000057,39.583333333333336,15.178571428571427
