length,velocity_x,velocity_y
0.32063999999999737,29.51388888888889,39.58333333333333
