length,velocity_x,velocity_y
0.33210900000000265,6.25,8.680555555555554
