word,length,velocity_x,velocity_y
ещё,0.2400000000000091,57.291666666666664,33.333333333333336
