length,velocity_x,velocity_y
0.39000000000000057,12.5,33.59375
