length,velocity_x,velocity_y
0.3299999999999841,8.333333333333334,9.523809523809524
