word,length,velocity_x,velocity_y
словам,0.2999999999999545,14.583333333333334,20.833333333333332
