length,velocity_x,velocity_y
0.21000000000003638,25.694444444444443,14.583333333333334
