length,velocity_x,velocity_y
0.3900000000000432,20.238095238095237,13.392857142857142
