length,velocity_x,velocity_y
0.18000000000000682,18.055555555555554,31.25
