length,velocity_x,velocity_y
0.27000000000001023,14.0625,30.729166666666668
