length,velocity_x,velocity_y
0.3599999999999852,13.690476190476192,21.428571428571427
