length,velocity_x,velocity_y
0.44999999999998863,26.157407407407412,18.287037037037035
