length,velocity_x,velocity_y
0.4199999999999875,24.76851851851852,21.990740740740737
