length,velocity_x,velocity_y
0.3900000000000148,21.09375,18.489583333333336
