length,velocity_x,velocity_y
0.4199999999999875,9.895833333333334,12.760416666666668
