length,velocity_x,velocity_y
0.2400000000000091,26.5625,38.02083333333333
