length,velocity_x,velocity_y
0.3300000000000125,14.236111111111112,29.51388888888889
