word,length,velocity_x,velocity_y
лично,0.39000000000000057,11.197916666666668,17.1875
