length,velocity_x,velocity_y
0.539999999999992,11.284722222222223,9.895833333333332
