word,length,velocity_x,velocity_y
получается,0.5099999999999909,22.727272727272727,55.87121212121211
