word,length,velocity_x,velocity_y
кал,0.6900000000000048,35.86666666666667,30.53333333333334
