word,length,velocity_x,velocity_y
малость,0.5700000000000003,14.545454545454543,12.363636363636363
