length,velocity_x,velocity_y
0.4199999999999591,31.249999999999993,23.177083333333336
