length,velocity_x,velocity_y
0.38999999999998636,11.904761904761905,19.642857142857142
