length,velocity_x,velocity_y
0.539999999999992,24.479166666666664,13.541666666666668
