length,velocity_x,velocity_y
0.1799999999999784,6.25,11.11111111111111
