length,velocity_x,velocity_y
0.4199999999999875,11.979166666666668,12.5
