length,velocity_x,velocity_y
0.2700000000000031,44.16666666666666,15.000000000000002
