word,length,velocity_x,velocity_y
пять,0.2099999999999227,6.944444444444444,11.111111111111112
