length,velocity_x,velocity_y
0.11999999999999744,35.41666666666667,6.25
