length,velocity_x,velocity_y
0.14999999999997726,10.416666666666668,8.333333333333332
