length,velocity_x,velocity_y
0.12129300000000143,12.5,8.333333333333332
