length,velocity_x,velocity_y
0.2365429999999975,48.4375,30.729166666666664
