length,velocity_x,velocity_y
0.11999999999999034,12.5,20.833333333333336
