length,velocity_x,velocity_y
0.12000000000000455,6.25,10.416666666666668
