length,velocity_x,velocity_y
0.12000000000000455,20.833333333333336,52.083333333333336
