length,velocity_x,velocity_y
0.29999999999998295,13.88888888888889,10.76388888888889
