length,velocity_x,velocity_y
0.480000000000004,22.291666666666664,18.750000000000004
