length,velocity_x,velocity_y
0.3300000000000125,24.305555555555554,34.027777777777786
