length,velocity_x,velocity_y
0.2999999999999545,26.38888888888889,92.70833333333334
