length,velocity_x,velocity_y
0.1799999999999784,9.375,57.291666666666664
