word,length,velocity_x,velocity_y
поэтому,0.5708789999998771,9.54861111111111,12.67361111111111
