length,velocity_x,velocity_y
0.8400000000000034,18.640350877192983,37.39035087719298
