word,length,velocity_x,velocity_y
в,0.15000000000000036,15.0,13.999999999999998
