length,velocity_x,velocity_y
0.4200000000000017,37.23958333333333,8.333333333333332
