length,velocity_x,velocity_y
0.15000000000000568,35.41666666666667,6.25
