length,velocity_x,velocity_y
0.30000000000001137,24.65277777777778,18.75
