length,velocity_x,velocity_y
0.27000000000001023,44.58333333333334,16.666666666666668
