length,velocity_x,velocity_y
0.38999999999998636,16.071428571428573,11.904761904761903
