length,velocity_x,velocity_y
0.7800000000000002,20.465686274509803,25.8578431372549
