length,velocity_x,velocity_y
0.4800000000000004,12.708333333333332,17.91666666666667
