word,length,velocity_x,velocity_y
целовать,0.5700000000000003,17.0,29.666666666666668
