length,velocity_x,velocity_y
0.3299999999999841,32.63888888888889,18.055555555555554
