length,velocity_x,velocity_y
0.3300000000000409,13.392857142857142,36.60714285714285
