length,velocity_x,velocity_y
0.303574000000026,17.013888888888893,20.486111111111114
