length,velocity_x,velocity_y
0.2699999999999818,40.416666666666664,45.83333333333333
