length,velocity_x,velocity_y
0.2999999999999545,11.458333333333332,21.875000000000004
