length,velocity_x,velocity_y
0.38999999999998636,8.59375,12.760416666666668
