length,velocity_x,velocity_y
0.30000000000001137,73.33333333333334,29.166666666666664
