length,velocity_x,velocity_y
0.3299999999999983,14.236111111111112,10.416666666666664
