length,velocity_x,velocity_y
0.30000000000001137,10.833333333333332,12.916666666666668
