length,velocity_x,velocity_y
0.539999999999992,19.791666666666664,28.472222222222225
