word,length,velocity_x,velocity_y
мои,0.18183199999999988,32.63888888888889,7.638888888888888
