word,length,velocity_x,velocity_y
полизать,0.6900000000000048,10.571428571428573,27.714285714285715
