word,length,velocity_x,velocity_y
новых,0.2693409999999403,23.333333333333332,36.25
