word,length,velocity_x,velocity_y
год,0.21000000000003638,63.02083333333333,14.583333333333334
