length,velocity_x,velocity_y
0.44999999999998863,24.76851851851852,24.76851851851852
