length,velocity_x,velocity_y
0.45000000000000284,11.11111111111111,13.194444444444445
