word,length,velocity_x,velocity_y
где,0.21000000000003638,17.708333333333336,21.354166666666668
