length,velocity_x,velocity_y
0.30000000000001137,56.666666666666664,71.25
