length,velocity_x,velocity_y
0.18000000000000682,7.638888888888888,15.277777777777779
