length,velocity_x,velocity_y
0.18000000000000682,13.541666666666668,39.58333333333333
