length,velocity_x,velocity_y
0.27000000000003865,18.75,13.750000000000002
