length,velocity_x,velocity_y
0.45000000000000284,20.138888888888893,12.73148148148148
