length,velocity_x,velocity_y
0.5999999999999943,40.5448717948718,15.865384615384615
