word,length,velocity_x,velocity_y
курс,0.30000000000001137,10.069444444444443,17.708333333333336
