length,velocity_x,velocity_y
0.5400000000000205,17.234848484848484,26.51515151515152
