length,velocity_x,velocity_y
0.539999999999992,13.888888888888888,19.444444444444446
