length,velocity_x,velocity_y
0.5600680000000011,26.041666666666668,24.479166666666664
