length,velocity_x,velocity_y
0.47999999999998977,21.666666666666664,13.125000000000004
