length,velocity_x,velocity_y
0.1799999999999784,5.208333333333333,15.625
