length,velocity_x,velocity_y
0.21000000000000085,16.666666666666664,25.0
