length,velocity_x,velocity_y
0.27000000000003865,17.916666666666664,30.833333333333336
