word,length,velocity_x,velocity_y
система,0.44999999999998863,31.944444444444443,46.52777777777778
