word,length,velocity_x,velocity_y
вот,0.3300000000000125,14.8,9.199999999999998
