word,length,velocity_x,velocity_y
учёные,0.42000000000007276,9.635416666666668,14.583333333333332
