length,velocity_x,velocity_y
0.6899999999999977,20.277777777777782,49.02777777777778
