length,velocity_x,velocity_y
0.33000000000000007,40.17857142857142,32.73809523809524
