length,velocity_x,velocity_y
0.3299999999999983,11.458333333333332,13.888888888888888
