length,velocity_x,velocity_y
0.35999999999999943,26.488095238095237,27.083333333333332
