length,velocity_x,velocity_y
0.3299999999999983,7.142857142857142,19.642857142857142
