length,velocity_x,velocity_y
0.38894499999997834,16.406250000000004,37.5
