word,length,velocity_x,velocity_y
может,0.35999999999999943,21.000000000000004,18.666666666666668
