length,velocity_x,velocity_y
0.36000000000001364,15.773809523809526,7.73809523809524
