length,velocity_x,velocity_y
0.269999999999996,12.083333333333332,22.08333333333333
