length,velocity_x,velocity_y
0.45000000000000284,13.88888888888889,8.564814814814815
