word,length,velocity_x,velocity_y
дальше,0.4132870000000004,17.142857142857142,25.142857142857146
