word,length,velocity_x,velocity_y
смотрите,0.39232200000000006,18.75,40.10416666666667
