length,velocity_x,velocity_y
0.3299999999999983,31.944444444444446,14.236111111111112
