length,velocity_x,velocity_y
0.3411580000000001,23.511904761904763,17.857142857142858
