word,length,velocity_x,velocity_y
состоит,0.3900000000000432,14.0625,21.614583333333332
