length,velocity_x,velocity_y
0.3300000000000125,22.22222222222222,18.75
