length,velocity_x,velocity_y
0.3900000000000148,11.904761904761903,27.976190476190478
