word,length,velocity_x,velocity_y
сто,0.18000000000006366,13.194444444444445,34.02777777777777
