length,velocity_x,velocity_y
0.17999999999999972,25.694444444444443,44.44444444444445
