length,velocity_x,velocity_y
0.17583599999999677,23.958333333333332,12.5
