length,velocity_x,velocity_y
0.21000000000000796,59.72222222222222,122.22222222222223
