length,velocity_x,velocity_y
0.2400000000000091,21.354166666666668,35.416666666666664
