word,length,velocity_x,velocity_y
спортзал,0.6900000000000013,33.72395833333333,42.70833333333333
