length,velocity_x,velocity_y
0.2699999999999818,41.66666666666667,35.0
