length,velocity_x,velocity_y
0.4199999999999875,14.120370370370368,15.74074074074074
