length,velocity_x,velocity_y
0.6299999999999955,25.148809523809522,22.76785714285714
