word,length,velocity_x,velocity_y
долларов,0.6000000000001364,15.384615384615383,25.64102564102564
