length,velocity_x,velocity_y
0.4200000000000159,12.03703703703704,28.935185185185187
