length,velocity_x,velocity_y
0.44999999999998863,31.458333333333332,33.125
