length,velocity_x,velocity_y
0.5099999999999909,8.143939393939394,15.909090909090907
