length,velocity_x,velocity_y
0.3599999999999852,19.04761904761905,14.285714285714285
