length,velocity_x,velocity_y
0.2699999999999818,21.666666666666664,19.583333333333332
