length,velocity_x,velocity_y
0.2699999999999818,17.5,15.416666666666668
