length,velocity_x,velocity_y
0.3599999999999852,12.5,13.392857142857146
