length,velocity_x,velocity_y
0.480000000000004,15.416666666666664,10.416666666666668
