length,velocity_x,velocity_y
0.45000000000000284,10.185185185185187,19.212962962962965
