length,velocity_x,velocity_y
0.3300000000000125,25.892857142857146,36.9047619047619
