length,velocity_x,velocity_y
0.17999999999999972,17.361111111111107,20.833333333333336
