length,velocity_x,velocity_y
0.2699999999999818,10.9375,72.39583333333334
