length,velocity_x,velocity_y
0.29999999999998295,15.0,22.916666666666664
