length,velocity_x,velocity_y
0.14999999999999858,73.95833333333333,32.291666666666664
