length,velocity_x,velocity_y
0.15000000000000568,7.291666666666667,5.208333333333333
