length,velocity_x,velocity_y
0.15234399999999937,16.666666666666664,12.5
