length,velocity_x,velocity_y
0.23999999999999488,5.729166666666667,14.0625
