word,length,velocity_x,velocity_y
скорость,0.4200000000000017,7.552083333333334,27.604166666666664
