word,length,velocity_x,velocity_y
проекта,0.57000000000005,9.895833333333336,16.84027777777778
