word,length,velocity_x,velocity_y
году,0.36000000000012733,9.226190476190474,9.821428571428571
