length,velocity_x,velocity_y
0.38999999999998636,24.21875,24.21875
