length,velocity_x,velocity_y
0.5700000000000074,33.81410256410256,12.5
