length,velocity_x,velocity_y
0.4200000000000017,38.28124999999999,14.583333333333334
