word,length,velocity_x,velocity_y
кстати,0.2999999999999545,8.680555555555554,20.486111111111114
