length,velocity_x,velocity_y
0.5700000000000074,15.45138888888889,42.53472222222223
