length,velocity_x,velocity_y
0.27000000000001023,35.0,69.58333333333333
