length,velocity_x,velocity_y
0.15000000000000568,4.166666666666666,12.5
