length,velocity_x,velocity_y
0.1406550000000002,14.583333333333332,21.875
