length,velocity_x,velocity_y
0.17999999999999972,20.138888888888886,12.5
