length,velocity_x,velocity_y
0.3299999999999841,11.458333333333332,13.194444444444445
