length,velocity_x,velocity_y
0.4199999999999875,31.481481481481477,13.88888888888889
