length,velocity_x,velocity_y
0.38999999999998636,43.75000000000001,22.61904761904762
