length,velocity_x,velocity_y
0.44999999999998863,55.32407407407408,54.39814814814814
