length,velocity_x,velocity_y
0.44999999999998863,11.574074074074076,17.824074074074073
