word,length,velocity_x,velocity_y
все,0.2400000000000091,72.91666666666667,35.93749999999999
