length,velocity_x,velocity_y
0.539999999999992,20.659722222222225,34.722222222222214
