length,velocity_x,velocity_y
0.2699999999999996,40.416666666666664,56.666666666666664
