length,velocity_x,velocity_y
0.15000000000000568,21.875,1.0416666666666665
