length,velocity_x,velocity_y
0.14999999999997726,14.583333333333334,25.0
