length,velocity_x,velocity_y
0.7199999999999989,26.041666666666668,17.708333333333336
