word,length,velocity_x,velocity_y
слышал,0.3300000000000409,9.821428571428571,14.880952380952378
