length,velocity_x,velocity_y
0.4200000000000017,12.03703703703704,57.407407407407405
