word,length,velocity_x,velocity_y
страничке,0.539999999999992,23.611111111111114,44.965277777777786
