length,velocity_x,velocity_y
0.6899999999999977,10.694444444444445,11.527777777777777
