length,velocity_x,velocity_y
0.36000000000001364,17.55952380952381,14.880952380952381
