length,velocity_x,velocity_y
0.45000000000000284,23.379629629629626,33.10185185185185
