length,velocity_x,velocity_y
0.36000000000001364,12.797619047619047,33.63095238095238
