length,velocity_x,velocity_y
0.3841550000000211,9.821428571428571,13.392857142857146
