length,velocity_x,velocity_y
0.3299999999999841,14.583333333333334,26.041666666666668
