length,velocity_x,velocity_y
0.21779300000002877,17.361111111111114,12.5
