length,velocity_x,velocity_y
0.480000000000004,7.5,21.458333333333336
