length,velocity_x,velocity_y
0.44999999999998863,13.657407407407407,39.58333333333333
