length,velocity_x,velocity_y
0.30000000000001137,24.58333333333333,12.083333333333336
