length,velocity_x,velocity_y
0.30000000000001137,11.11111111111111,9.722222222222221
