length,velocity_x,velocity_y
0.3300000000000125,18.40277777777778,23.611111111111114
