length,velocity_x,velocity_y
0.6900000000000119,10.677083333333334,12.760416666666668
