word,length,velocity_x,velocity_y
хорошей,0.3600000000000012,28.273809523809522,23.80952380952381
