length,velocity_x,velocity_y
0.2099999999999973,15.972222222222221,15.277777777777779
