length,velocity_x,velocity_y
0.2400000000000091,46.87499999999999,23.958333333333336
