word,length,velocity_x,velocity_y
сперму,0.5399999999999991,10.363636363636363,13.454545454545453
