length,velocity_x,velocity_y
0.5099999999999909,12.121212121212123,38.82575757575758
