length,velocity_x,velocity_y
0.18000000000000016,19.791666666666668,12.5
