length,velocity_x,velocity_y
0.2400000000000091,15.625,9.895833333333332
