word,length,velocity_x,velocity_y
больше,0.35999999999989996,12.202380952380953,27.38095238095238
