word,length,velocity_x,velocity_y
много,0.2400000000000091,8.854166666666666,5.729166666666666
