length,velocity_x,velocity_y
0.3900000000000432,29.6875,15.364583333333332
