length,velocity_x,velocity_y
0.5700000000000003,9.201388888888888,9.201388888888888
