length,velocity_x,velocity_y
0.3241259999999997,60.416666666666664,37.15277777777777
