length,velocity_x,velocity_y
0.39000000000000057,9.635416666666668,49.73958333333333
