length,velocity_x,velocity_y
0.18000000000000682,17.708333333333336,12.5
