length,velocity_x,velocity_y
0.29999999999998295,13.750000000000002,58.33333333333333
