length,velocity_x,velocity_y
0.30000000000001137,32.916666666666664,17.916666666666664
