length,velocity_x,velocity_y
0.7200000000000273,11.458333333333334,27.473958333333325
