length,velocity_x,velocity_y
0.539999999999992,15.104166666666668,20.486111111111107
