length,velocity_x,velocity_y
0.21000000000000796,15.277777777777777,23.611111111111114
