length,velocity_x,velocity_y
0.1799999999999926,4.166666666666666,53.125
