length,velocity_x,velocity_y
0.20999999999999375,10.416666666666668,27.77777777777778
