length,velocity_x,velocity_y
0.23362800000001016,23.4375,9.895833333333332
