length,velocity_x,velocity_y
0.36000000000001364,10.714285714285717,48.51190476190476
