length,velocity_x,velocity_y
0.2400000000000091,15.104166666666668,18.229166666666668
