length,velocity_x,velocity_y
0.14999999999999858,27.083333333333336,13.541666666666668
