length,velocity_x,velocity_y
0.15000000000000568,13.541666666666666,15.625
