length,velocity_x,velocity_y
0.1500000000000341,40.625,30.208333333333336
