length,velocity_x,velocity_y
0.21000000000003638,9.895833333333334,15.104166666666668
