length,velocity_x,velocity_y
0.18000000000000682,42.36111111111111,18.055555555555557
