length,velocity_x,velocity_y
0.30000000000001137,50.34722222222222,31.597222222222225
