length,velocity_x,velocity_y
0.14999999999999858,10.416666666666668,27.083333333333332
