length,velocity_x,velocity_y
0.3599999999999852,11.904761904761905,17.85714285714286
