length,velocity_x,velocity_y
0.2400000000000091,61.979166666666664,33.854166666666664
