length,velocity_x,velocity_y
0.15000000000000568,14.583333333333334,16.666666666666664
