length,velocity_x,velocity_y
0.14999999999997726,9.375,8.333333333333334
