length,velocity_x,velocity_y
0.15000000000000568,33.333333333333336,9.375
