length,velocity_x,velocity_y
0.18000000000000682,4.166666666666666,6.250000000000002
