length,velocity_x,velocity_y
0.12134800000001178,4.166666666666666,2.083333333333333
