length,velocity_x,velocity_y
0.2400000000000091,9.374999999999998,11.458333333333332
