length,velocity_x,velocity_y
0.2400000000000091,14.583333333333334,22.916666666666664
