length,velocity_x,velocity_y
0.2400000000000091,28.125,26.041666666666668
