length,velocity_x,velocity_y
0.14999999999997726,35.416666666666664,53.125
