length,velocity_x,velocity_y
0.21000000000000085,8.333333333333332,22.916666666666668
