length,velocity_x,velocity_y
0.38999999999999346,8.333333333333332,9.375000000000002
