length,velocity_x,velocity_y
0.27000000000001023,45.0,25.833333333333336
