length,velocity_x,velocity_y
0.2699999999999818,7.916666666666666,9.583333333333334
