length,velocity_x,velocity_y
0.44999999999998863,11.11111111111111,21.064814814814813
