length,velocity_x,velocity_y
0.5400000000000205,33.1439393939394,22.916666666666664
