length,velocity_x,velocity_y
0.09208000000000993,39.58333333333333,37.5
