length,velocity_x,velocity_y
0.45000000000000284,15.972222222222221,33.56481481481482
