length,velocity_x,velocity_y
0.4199999999999875,21.614583333333336,61.458333333333336
