length,velocity_x,velocity_y
0.2400000000000091,40.62499999999999,13.541666666666666
