length,velocity_x,velocity_y
0.27000000000001023,13.333333333333334,9.583333333333332
