length,velocity_x,velocity_y
0.3299999999999841,16.319444444444446,28.47222222222222
