length,velocity_x,velocity_y
0.4499999999999993,5.416666666666666,11.25
