length,velocity_x,velocity_y
0.2699999999999996,54.16666666666667,23.333333333333332
