length,velocity_x,velocity_y
0.4200000000000017,10.15625,9.375
