length,velocity_x,velocity_y
0.269999999999996,26.5625,16.666666666666664
