length,velocity_x,velocity_y
0.5100000000000193,4.545454545454546,10.227272727272728
