length,velocity_x,velocity_y
0.2400000000000091,26.041666666666668,18.75
