length,velocity_x,velocity_y
0.47999999999998977,28.541666666666664,12.916666666666664
