word,length,velocity_x,velocity_y
и,0.18000000000006366,23.958333333333332,72.91666666666667
