length,velocity_x,velocity_y
0.3299999999999841,7.986111111111111,45.13888888888889
