length,velocity_x,velocity_y
0.29999999999998295,9.583333333333334,22.083333333333336
