length,velocity_x,velocity_y
0.27000000000001023,34.375,21.354166666666668
