word,length,velocity_x,velocity_y
уровень,0.35999999999999943,22.61904761904762,15.77380952380952
