length,velocity_x,velocity_y
0.39000000000000057,7.552083333333334,13.802083333333334
