word,length,velocity_x,velocity_y
во-первых,0.32999999999992724,37.15277777777777,31.944444444444443
