length,velocity_x,velocity_y
0.44999999999998863,16.203703703703706,14.120370370370368
