length,velocity_x,velocity_y
0.4199999999999591,29.166666666666668,21.614583333333336
