length,velocity_x,velocity_y
0.4200000000000017,26.38888888888889,20.13888888888889
