length,velocity_x,velocity_y
0.23999999999998067,81.25,65.10416666666666
