length,velocity_x,velocity_y
0.30000000000001137,9.027777777777777,26.38888888888889
