length,velocity_x,velocity_y
0.21309099999999148,14.583333333333334,15.972222222222223
