length,velocity_x,velocity_y
0.27000000000001023,14.166666666666666,13.333333333333334
