word,length,velocity_x,velocity_y
новости,0.5399999999999636,15.340909090909092,16.856060606060606
