length,velocity_x,velocity_y
0.6899999999999977,10.13888888888889,16.805555555555554
