length,velocity_x,velocity_y
0.6899999999999977,27.22222222222222,20.833333333333336
