word,length,velocity_x,velocity_y
самом,0.2400000000000091,11.979166666666666,18.749999999999996
