word,length,velocity_x,velocity_y
рот,0.2699999999999996,20.5,63.000000000000014
