word,length,velocity_x,velocity_y
новости,0.5139549999999957,10.984848484848484,7.386363636363635
