length,velocity_x,velocity_y
0.3299999999999983,11.111111111111109,47.22222222222223
