length,velocity_x,velocity_y
0.30000000000001137,7.083333333333333,12.083333333333332
