length,velocity_x,velocity_y
0.2400000000000091,13.541666666666666,23.437500000000004
