length,velocity_x,velocity_y
0.1799999999999926,6.944444444444444,65.27777777777779
