length,velocity_x,velocity_y
0.18000000000000682,14.583333333333334,11.111111111111112
