length,velocity_x,velocity_y
0.11999999999997613,14.583333333333334,8.333333333333332
