length,velocity_x,velocity_y
0.12000000000000455,77.08333333333334,2.083333333333333
