length,velocity_x,velocity_y
0.7800000000000011,6.712962962962962,8.101851851851853
