length,velocity_x,velocity_y
0.39000000000000057,29.427083333333332,27.083333333333332
