length,velocity_x,velocity_y
0.27000000000003865,27.916666666666668,25.833333333333336
