length,velocity_x,velocity_y
0.2999999999999545,8.680555555555554,36.11111111111111
