length,velocity_x,velocity_y
0.18000000000000682,20.138888888888886,24.305555555555554
