length,velocity_x,velocity_y
0.4800000000000004,23.958333333333336,27.29166666666667
