length,velocity_x,velocity_y
0.5100000000000016,12.12121212121212,18.181818181818183
