length,velocity_x,velocity_y
0.5099999999999909,27.708333333333336,16.875
