word,length,velocity_x,velocity_y
вероника,1.38,16.193548387096772,32.90322580645161
