length,velocity_x,velocity_y
0.38999999999998636,27.083333333333336,39.58333333333333
