length,velocity_x,velocity_y
0.3599999999999852,32.14285714285715,11.30952380952381
