length,velocity_x,velocity_y
0.3299999999999841,6.944444444444445,29.86111111111111
