length,velocity_x,velocity_y
0.38999999999998636,22.916666666666668,55.989583333333336
