length,velocity_x,velocity_y
0.2699999999999818,15.416666666666664,23.333333333333332
