length,velocity_x,velocity_y
0.41999999999999993,8.101851851851853,14.814814814814813
