length,velocity_x,velocity_y
0.4200000000000017,17.708333333333336,21.354166666666664
