length,velocity_x,velocity_y
0.5410969999999997,12.152777777777779,14.583333333333334
