length,velocity_x,velocity_y
0.17999999999999972,6.25,11.111111111111112
