length,velocity_x,velocity_y
0.18000000000000682,30.555555555555554,21.527777777777775
