length,velocity_x,velocity_y
0.18000000000000682,19.444444444444446,6.944444444444445
