length,velocity_x,velocity_y
0.17999999999999972,110.41666666666666,45.83333333333333
