length,velocity_x,velocity_y
0.18131799999999743,43.75,8.333333333333332
