length,velocity_x,velocity_y
0.1799999999999926,38.541666666666664,22.916666666666668
