length,velocity_x,velocity_y
0.17999999999999972,8.333333333333332,20.138888888888886
