length,velocity_x,velocity_y
0.17999999999999972,33.333333333333336,11.458333333333334
