length,velocity_x,velocity_y
0.1799999999999926,19.791666666666668,14.583333333333334
