length,velocity_x,velocity_y
0.3900000000000148,15.885416666666666,13.802083333333332
