length,velocity_x,velocity_y
0.3599999999999852,9.523809523809526,16.964285714285715
