word,length,velocity_x,velocity_y
войти,0.2699999999999818,15.416666666666664,25.0
