length,velocity_x,velocity_y
0.47999999999998977,37.91666666666667,43.33333333333334
