word,length,velocity_x,velocity_y
по,0.15000000000009095,12.5,17.708333333333332
