word,length,velocity_x,velocity_y
блогом,0.3299999999999983,34.226190476190474,56.547619047619044
