length,velocity_x,velocity_y
0.27000000000001023,11.25,32.08333333333333
