length,velocity_x,velocity_y
0.5400000000000063,27.256944444444446,57.638888888888886
