word,length,velocity_x,velocity_y
пальчик,0.6000000000000014,12.923076923076923,13.384615384615385
