length,velocity_x,velocity_y
0.30000000000001137,8.333333333333332,14.583333333333332
