length,velocity_x,velocity_y
0.3000000000000007,53.125000000000014,28.472222222222225
