word,length,velocity_x,velocity_y
вполне,0.32999999999992724,21.527777777777775,48.95833333333334
