word,length,velocity_x,velocity_y
работу,0.3861329999999725,11.458333333333332,11.71875
