length,velocity_x,velocity_y
0.3299999999999983,8.630952380952381,15.77380952380952
