length,velocity_x,velocity_y
0.18000000000000327,13.888888888888888,50.69444444444444
