length,velocity_x,velocity_y
0.20999999999997954,6.944444444444444,13.194444444444445
