length,velocity_x,velocity_y
0.1500000000000341,8.333333333333332,12.5
