length,velocity_x,velocity_y
0.29999999999999716,39.23611111111111,36.11111111111111
