length,velocity_x,velocity_y
0.18000000000000682,21.527777777777775,27.083333333333332
