length,velocity_x,velocity_y
0.18000000000000682,11.458333333333334,16.666666666666664
