word,length,velocity_x,velocity_y
такая,0.4747270000000299,6.666666666666668,11.875
