word,length,velocity_x,velocity_y
передают,0.5999999999999996,9.499999999999998,13.166666666666664
