word,length,velocity_x,velocity_y
так,0.18000000000006366,5.208333333333333,4.166666666666666
