length,velocity_x,velocity_y
0.5099999999999909,62.291666666666664,19.375000000000004
