word,length,velocity_x,velocity_y
честно,0.3000000000001819,34.583333333333336,22.916666666666668
