length,velocity_x,velocity_y
0.4200000000000017,10.416666666666668,13.425925925925927
