word,length,velocity_x,velocity_y
я,0.36098100000000244,21.428571428571427,11.607142857142858
