word,length,velocity_x,velocity_y
я,0.3299999999999983,100.29761904761902,64.28571428571429
