word,length,velocity_x,velocity_y
я,0.2498070000000041,11.666666666666666,29.166666666666664
