length,velocity_x,velocity_y
0.269999999999996,31.66666666666667,17.5
