word,length,velocity_x,velocity_y
говорится,0.5099999999999909,15.719696969696969,40.71969696969697
