length,velocity_x,velocity_y
0.4200000000000017,19.53125,26.5625
