length,velocity_x,velocity_y
0.5699999999999932,20.3125,36.63194444444444
