length,velocity_x,velocity_y
0.11999999999997613,8.333333333333332,27.083333333333332
