length,velocity_x,velocity_y
0.21000000000003638,27.604166666666664,20.833333333333336
