word,length,velocity_x,velocity_y
назад,0.44999999999999574,14.583333333333332,27.708333333333336
