length,velocity_x,velocity_y
0.5100000000000016,8.333333333333332,13.636363636363635
