length,velocity_x,velocity_y
0.36000000000001364,31.845238095238095,28.57142857142857
