length,velocity_x,velocity_y
0.23999999999999488,13.541666666666668,13.020833333333332
