length,velocity_x,velocity_y
0.2699999999999818,37.08333333333333,55.833333333333336
