length,velocity_x,velocity_y
0.30000000000001137,53.333333333333336,32.083333333333336
