length,velocity_x,velocity_y
0.23610400000001164,29.6875,13.541666666666666
