length,velocity_x,velocity_y
0.6899999999999977,43.33333333333334,28.333333333333332
