length,velocity_x,velocity_y
0.5099999999999909,25.757575757575758,13.068181818181818
