length,velocity_x,velocity_y
0.4800000000000004,17.708333333333332,12.083333333333332
