length,velocity_x,velocity_y
0.5700000000000216,21.006944444444446,23.78472222222222
