word,length,velocity_x,velocity_y
буду,0.23999999999999488,29.499999999999996,43.0
