word,length,velocity_x,velocity_y
оставить,0.45000000000000284,43.333333333333336,68.44444444444446
