length,velocity_x,velocity_y
0.1809379999999976,30.555555555555554,10.416666666666668
