length,velocity_x,velocity_y
0.4199999999999875,15.104166666666668,32.552083333333336
