length,velocity_x,velocity_y
0.18000000000000682,10.416666666666668,12.5
