length,velocity_x,velocity_y
0.15000000000000568,10.416666666666668,77.08333333333334
