length,velocity_x,velocity_y
0.14999999999997726,7.291666666666666,34.375
