length,velocity_x,velocity_y
0.22561500000000478,21.354166666666664,47.916666666666664
