length,velocity_x,velocity_y
0.539999999999992,15.451388888888888,12.152777777777777
