length,velocity_x,velocity_y
0.44999999999998863,62.268518518518526,20.37037037037037
