word,length,velocity_x,velocity_y
меня,0.14999999999986358,20.833333333333332,20.833333333333336
