length,velocity_x,velocity_y
0.21000000000000085,34.02777777777777,20.833333333333336
