length,velocity_x,velocity_y
0.12118300000000204,6.25,45.83333333333333
