length,velocity_x,velocity_y
0.21495099999999923,32.63888888888889,77.77777777777779
