length,velocity_x,velocity_y
0.1799999999999926,9.027777777777777,55.55555555555555
