length,velocity_x,velocity_y
0.16397499999999354,30.208333333333332,38.541666666666664
