length,velocity_x,velocity_y
0.12000000000000455,168.75,14.583333333333334
