length,velocity_x,velocity_y
0.15000000000000568,17.708333333333336,28.125
