length,velocity_x,velocity_y
0.12000000000000455,16.666666666666664,18.75
