length,velocity_x,velocity_y
0.20999999999997954,32.63888888888889,13.88888888888889
