length,velocity_x,velocity_y
0.14999999999997726,67.70833333333334,48.958333333333336
