length,velocity_x,velocity_y
0.2400000000000091,8.333333333333334,11.458333333333332
