length,velocity_x,velocity_y
0.14999999999997726,114.58333333333334,27.083333333333336
