length,velocity_x,velocity_y
0.14999999999997726,18.75,27.083333333333332
