length,velocity_x,velocity_y
0.14999999999997726,6.25,23.958333333333332
