length,velocity_x,velocity_y
0.12000000000000455,95.83333333333334,50.0
