length,velocity_x,velocity_y
0.18000000000000682,47.91666666666667,13.541666666666668
