length,velocity_x,velocity_y
0.18000000000000682,9.375,30.208333333333332
