length,velocity_x,velocity_y
0.20999999999997954,7.638888888888888,43.75
