length,velocity_x,velocity_y
0.39000000000000057,11.011904761904763,3.8690476190476186
