length,velocity_x,velocity_y
0.3300000000000125,31.54761904761905,22.619047619047613
