length,velocity_x,velocity_y
0.09000000000000341,4.166666666666666,12.5
