length,velocity_x,velocity_y
0.0899999999999892,8.333333333333332,6.25
