length,velocity_x,velocity_y
0.29999999999999716,12.152777777777777,6.944444444444445
