length,velocity_x,velocity_y
0.14999999999999147,29.166666666666664,54.16666666666667
