length,velocity_x,velocity_y
0.38999999999998636,14.84375,30.989583333333332
