length,velocity_x,velocity_y
0.12000000000000455,10.416666666666668,4.166666666666666
