length,velocity_x,velocity_y
0.14999999999997726,14.583333333333334,22.916666666666664
