length,velocity_x,velocity_y
0.2699999999999818,14.583333333333334,11.25
