length,velocity_x,velocity_y
0.12000000000000455,58.333333333333336,12.5
