length,velocity_x,velocity_y
0.240000000000002,13.541666666666666,6.25
