length,velocity_x,velocity_y
0.20999999999997954,23.611111111111107,22.916666666666664
