length,velocity_x,velocity_y
0.44999999999998863,57.70833333333334,15.208333333333332
