length,velocity_x,velocity_y
0.38999999999998636,22.395833333333336,16.666666666666664
