word,length,velocity_x,velocity_y
эти,0.1767329999999987,20.138888888888886,4.166666666666666
