length,velocity_x,velocity_y
0.29999999999999716,10.416666666666668,10.0
