length,velocity_x,velocity_y
0.6300000000000026,9.672619047619047,14.880952380952378
