length,velocity_x,velocity_y
0.5432519999999954,26.21527777777778,19.270833333333336
