length,velocity_x,velocity_y
0.4200000000000017,21.064814814814817,17.824074074074073
