word,length,velocity_x,velocity_y
как,0.3300000000000054,33.035714285714285,30.059523809523814
