length,velocity_x,velocity_y
0.35999999999999943,28.869047619047617,31.250000000000007
