length,velocity_x,velocity_y
0.39000000000000057,8.333333333333332,12.239583333333332
