length,velocity_x,velocity_y
0.4200000000000159,31.25,33.59375
