length,velocity_x,velocity_y
0.2699999999999996,10.416666666666668,9.583333333333334
