length,velocity_x,velocity_y
0.4199999999999875,25.260416666666668,13.28125
