length,velocity_x,velocity_y
0.4199999999999875,18.229166666666664,23.4375
