length,velocity_x,velocity_y
0.4500000000000002,23.379629629629626,26.388888888888886
