length,velocity_x,velocity_y
0.35999999999999943,8.630952380952381,13.392857142857142
