word,length,velocity_x,velocity_y
процентов,0.57000000000005,6.0763888888888875,31.944444444444446
