length,velocity_x,velocity_y
0.30000000000001137,5.902777777777777,20.833333333333336
