length,velocity_x,velocity_y
0.5699999999999932,13.020833333333334,25.0
