length,velocity_x,velocity_y
0.41999999999999815,27.604166666666664,12.760416666666666
