length,velocity_x,velocity_y
0.45000000000000284,9.583333333333334,37.708333333333336
