length,velocity_x,velocity_y
0.20999999999999996,8.854166666666668,6.770833333333333
