length,velocity_x,velocity_y
0.29999999999999716,94.16666666666667,23.333333333333332
