length,velocity_x,velocity_y
0.29999999999998295,21.527777777777775,14.23611111111111
