length,velocity_x,velocity_y
0.18000000000000682,68.75,17.708333333333336
