length,velocity_x,velocity_y
0.3299999999999841,9.722222222222223,8.680555555555557
