word,length,velocity_x,velocity_y
городов,0.4199999999999591,5.729166666666667,15.625000000000004
