length,velocity_x,velocity_y
0.44999999999998863,12.500000000000004,74.7685185185185
