length,velocity_x,velocity_y
0.1823440000000005,50.0,10.416666666666668
