length,velocity_x,velocity_y
0.12000000000000455,35.41666666666667,35.41666666666667
