length,velocity_x,velocity_y
0.29999999999999716,24.166666666666664,13.750000000000002
