length,velocity_x,velocity_y
0.2580209999999994,35.41666666666667,14.166666666666666
