length,velocity_x,velocity_y
0.14999999999999858,8.333333333333332,16.666666666666664
