length,velocity_x,velocity_y
0.2400000000000091,14.062500000000004,75.52083333333333
