length,velocity_x,velocity_y
0.18000000000000682,13.194444444444445,40.97222222222223
