length,velocity_x,velocity_y
0.21000000000000796,24.305555555555557,27.77777777777778
