length,velocity_x,velocity_y
0.35999999999999943,35.41666666666667,36.60714285714287
