word,length,velocity_x,velocity_y
которые,0.32999999999992724,28.125000000000007,12.847222222222218
