word,length,velocity_x,velocity_y
лил░,0.08999999999991815,25.0,20.833333333333336
