word,length,velocity_x,velocity_y
пяти,0.7799999999999727,15.441176470588239,48.77450980392157
