word,length,velocity_x,velocity_y
такого,0.4161070000000002,55.00000000000001,40.25
