word,length,velocity_x,velocity_y
такого,0.41611500000000134,55.00000000000001,40.25
