length,velocity_x,velocity_y
0.3299999999999983,12.5,22.569444444444443
