length,velocity_x,velocity_y
0.3300000000000125,53.125,57.63888888888889
