length,velocity_x,velocity_y
0.3599999999999852,99.10714285714286,24.404761904761905
