length,velocity_x,velocity_y
0.4199999999999946,6.481481481481481,13.194444444444445
