length,velocity_x,velocity_y
0.14999999999997726,25.0,20.833333333333332
