word,length,velocity_x,velocity_y
теперь,0.3000000000001819,43.75,21.250000000000004
