length,velocity_x,velocity_y
0.4199999999999875,20.833333333333332,41.43518518518518
