word,length,velocity_x,velocity_y
же,0.14999999999997726,17.708333333333332,15.625
