word,length,velocity_x,velocity_y
вообще,0.21000000000003638,17.708333333333332,25.0
