length,velocity_x,velocity_y
0.539999999999992,16.840277777777775,22.569444444444443
