length,velocity_x,velocity_y
0.1200000000000001,8.333333333333332,12.5
