length,velocity_x,velocity_y
0.12000000000000455,2.083333333333333,39.58333333333333
