length,velocity_x,velocity_y
0.14999999999997726,4.166666666666666,6.25
