length,velocity_x,velocity_y
0.120000000000001,8.333333333333332,25.0
