length,velocity_x,velocity_y
0.12000000000000455,27.083333333333332,16.666666666666664
