length,velocity_x,velocity_y
0.5999999999999943,31.08974358974359,28.205128205128204
