word,length,velocity_x,velocity_y
специалистов,0.8351659999999974,11.513157894736842,27.521929824561404
