length,velocity_x,velocity_y
0.36000000000001364,7.738095238095237,16.071428571428573
