length,velocity_x,velocity_y
0.47999999999998977,12.083333333333332,35.83333333333334
