length,velocity_x,velocity_y
0.5400000000000063,11.931818181818182,14.204545454545455
