length,velocity_x,velocity_y
0.18000000000000682,15.972222222222221,7.638888888888888
