length,velocity_x,velocity_y
0.20999999999997954,9.375,14.583333333333332
