length,velocity_x,velocity_y
0.6899999999999977,22.005208333333336,14.062499999999996
