length,velocity_x,velocity_y
0.4200000000000017,6.944444444444445,11.574074074074073
