length,velocity_x,velocity_y
0.23999999999999488,10.416666666666668,7.8125
