length,velocity_x,velocity_y
0.2699999999999818,13.750000000000002,19.16666666666667
