length,velocity_x,velocity_y
0.2400000000000002,22.916666666666668,26.041666666666664
