length,velocity_x,velocity_y
0.5400000000000205,9.28030303030303,11.553030303030305
