length,velocity_x,velocity_y
0.44999999999998863,14.583333333333332,15.50925925925926
