length,velocity_x,velocity_y
0.5700000000000003,12.15277777777778,27.95138888888889
