length,velocity_x,velocity_y
0.47751000000002364,12.916666666666664,12.708333333333336
