length,velocity_x,velocity_y
0.3900000000000148,13.28125,11.979166666666668
