length,velocity_x,velocity_y
0.45000000000000284,15.972222222222221,34.02777777777777
