word,length,velocity_x,velocity_y
тридцать,0.36000000000001364,13.690476190476192,13.69047619047619
