length,velocity_x,velocity_y
0.4200000000000159,12.037037037037036,13.194444444444445
