length,velocity_x,velocity_y
0.38999999999998636,12.202380952380953,19.940476190476193
