length,velocity_x,velocity_y
0.35999999999999943,24.10714285714286,27.380952380952383
