word,length,velocity_x,velocity_y
возможно,0.5699999999999363,34.72222222222223,43.75
