length,velocity_x,velocity_y
0.4500000000000455,9.25925925925926,21.527777777777775
