word,length,velocity_x,velocity_y
том,0.17999999999994998,16.666666666666668,10.416666666666668
