word,length,velocity_x,velocity_y
эта,0.15763200000014876,57.29166666666667,15.625
