length,velocity_x,velocity_y
0.15000000000000568,6.25,10.416666666666666
