length,velocity_x,velocity_y
0.21000000000003638,122.22222222222221,59.72222222222222
