length,velocity_x,velocity_y
0.5699999999999932,10.243055555555557,20.138888888888893
