length,velocity_x,velocity_y
0.5700000000000216,15.277777777777777,26.73611111111111
