length,velocity_x,velocity_y
0.41027700000000067,14.583333333333334,10.156249999999998
