length,velocity_x,velocity_y
0.24184600000000955,33.33333333333333,31.770833333333332
