word,length,velocity_x,velocity_y
моим,0.20999999999999375,8.854166666666668,14.0625
