length,velocity_x,velocity_y
0.41999999999999815,8.333333333333332,29.427083333333336
