word,length,velocity_x,velocity_y
около,0.4199999999999591,15.277777777777779,17.824074074074076
