word,length,velocity_x,velocity_y
мои,0.1799999999999926,14.583333333333334,25.0
