word,length,velocity_x,velocity_y
можно,0.2400000000000091,9.895833333333334,18.229166666666664
