length,velocity_x,velocity_y
0.5062350000000038,20.0,16.249999999999996
