word,length,velocity_x,velocity_y
курсы,0.3299999999999841,17.708333333333336,22.22222222222222
