word,length,velocity_x,velocity_y
дела,0.5400000000000063,11.818181818181818,31.272727272727277
