word,length,velocity_x,velocity_y
будут,0.23331999999993513,24.479166666666664,6.249999999999999
