length,velocity_x,velocity_y
0.3740190000000041,8.928571428571429,12.797619047619047
