word,length,velocity_x,velocity_y
сегодня,0.4199999999998454,19.444444444444446,15.972222222222223
