length,velocity_x,velocity_y
0.17999999999999972,32.29166666666667,29.166666666666668
