word,length,velocity_x,velocity_y
чашечка,0.6900000000000013,7.285714285714285,13.428571428571429
