length,velocity_x,velocity_y
0.18000000000000682,29.86111111111111,12.5
