length,velocity_x,velocity_y
0.21750699999999767,20.312499999999996,15.625
