length,velocity_x,velocity_y
0.2400000000000091,11.458333333333334,19.791666666666668
