length,velocity_x,velocity_y
0.21000000000000796,19.444444444444446,32.63888888888889
