length,velocity_x,velocity_y
0.44999999999998863,15.50925925925926,28.47222222222222
