length,velocity_x,velocity_y
0.48606399999999894,23.333333333333332,33.333333333333336
