length,velocity_x,velocity_y
0.1799999999999926,35.416666666666664,10.416666666666666
