length,velocity_x,velocity_y
0.3256640000000175,20.138888888888886,18.75
