length,velocity_x,velocity_y
0.21000000000003638,11.979166666666666,17.708333333333336
