length,velocity_x,velocity_y
0.21000000000003638,20.138888888888893,9.027777777777777
