length,velocity_x,velocity_y
0.23999999999999844,5.729166666666667,30.208333333333336
