word,length,velocity_x,velocity_y
очень,0.36000000000012733,79.76190476190476,34.226190476190474
