word,length,velocity_x,velocity_y
также,0.32999999999992724,10.119047619047619,27.976190476190478
