word,length,velocity_x,velocity_y
сайта,0.36000000000001364,21.130952380952387,43.75
