length,velocity_x,velocity_y
0.23999999999998067,33.33333333333333,16.145833333333336
