length,velocity_x,velocity_y
0.6299999999999955,11.755952380952381,11.011904761904765
