word,length,velocity_x,velocity_y
влагалище,0.7800000000000011,11.250000000000002,23.000000000000004
