length,velocity_x,velocity_y
0.12000000000000455,14.583333333333334,12.5
