length,velocity_x,velocity_y
0.5099999999999909,14.772727272727273,15.530303030303031
