length,velocity_x,velocity_y
0.17999999999999972,22.916666666666664,34.722222222222214
