length,velocity_x,velocity_y
0.15000000000000568,20.833333333333336,22.916666666666664
