length,velocity_x,velocity_y
0.2400000000000091,22.395833333333332,25.520833333333332
