length,velocity_x,velocity_y
0.15000000000000568,3.125,20.833333333333332
