length,velocity_x,velocity_y
0.18000000000000682,6.25,45.833333333333336
