length,velocity_x,velocity_y
0.21000000000003638,19.444444444444446,13.194444444444445
