length,velocity_x,velocity_y
0.2400000000000091,9.895833333333334,14.583333333333334
