word,length,velocity_x,velocity_y
года,0.29999999999999716,22.916666666666664,42.01388888888889
