word,length,velocity_x,velocity_y
года,0.21000000000000085,127.08333333333333,23.958333333333336
