length,velocity_x,velocity_y
0.3599999999999852,8.333333333333334,32.44047619047619
