length,velocity_x,velocity_y
0.4199999999999875,45.57291666666667,36.97916666666667
