word,length,velocity_x,velocity_y
бассейн,0.4800000000000004,30.624999999999996,26.458333333333332
