length,velocity_x,velocity_y
0.5100000000000051,17.291666666666668,16.25
