length,velocity_x,velocity_y
0.2621479999999963,33.33333333333333,18.229166666666668
