length,velocity_x,velocity_y
0.44999999999998863,11.342592592592592,27.77777777777778
