length,velocity_x,velocity_y
0.47999999999998977,8.75,9.583333333333334
