word,length,velocity_x,velocity_y
писать,0.3299999999999841,17.261904761904763,19.04761904761905
