length,velocity_x,velocity_y
0.3600000000000003,14.583333333333332,30.357142857142854
