word,length,velocity_x,velocity_y
место,0.32999999999992724,11.458333333333332,18.75
