length,velocity_x,velocity_y
0.4500000000000455,12.037037037037036,30.092592592592588
