word,length,velocity_x,velocity_y
отличие,0.30000000000001137,26.66666666666667,26.249999999999996
