word,length,velocity_x,velocity_y
них,0.15000000000009095,27.083333333333332,14.583333333333334
