length,velocity_x,velocity_y
0.4200000000000159,8.072916666666668,21.093750000000004
