length,velocity_x,velocity_y
0.3599999999999852,36.01190476190476,68.75
