length,velocity_x,velocity_y
0.5099999999999909,10.037878787878789,28.40909090909091
