length,velocity_x,velocity_y
0.5093370000000021,9.84848484848485,7.765151515151516
