length,velocity_x,velocity_y
0.509999999999998,11.174242424242422,12.689393939393941
