length,velocity_x,velocity_y
0.20999999999997954,20.138888888888886,7.638888888888888
