word,length,velocity_x,velocity_y
степанова,1.5300000000000002,12.914285714285715,41.60000000000001
