length,velocity_x,velocity_y
0.2699999999999818,33.33333333333333,30.0
