word,length,velocity_x,velocity_y
сбросить,0.35999999999999943,10.714285714285714,9.821428571428571
