word,length,velocity_x,velocity_y
эти,0.21000000000003638,16.666666666666664,22.916666666666664
