length,velocity_x,velocity_y
0.5099999999999909,7.765151515151516,8.712121212121211
