length,velocity_x,velocity_y
0.36000000000001364,16.071428571428573,15.77380952380952
