length,velocity_x,velocity_y
0.30000000000001137,18.333333333333336,37.91666666666667
