length,velocity_x,velocity_y
0.29999999999999716,34.583333333333336,12.083333333333332
