length,velocity_x,velocity_y
0.38036900000000173,36.01190476190476,21.726190476190474
