length,velocity_x,velocity_y
0.38999999999998636,33.333333333333336,21.09375
