length,velocity_x,velocity_y
0.6299999999999955,17.708333333333332,25.892857142857146
