word,length,velocity_x,velocity_y
выбрать,0.38999999999998636,23.177083333333336,21.09375
