length,velocity_x,velocity_y
0.12000000000000455,20.833333333333336,8.333333333333332
