word,length,velocity_x,velocity_y
восемьдесят,0.6599999999998545,33.482142857142854,36.01190476190476
