length,velocity_x,velocity_y
0.4200000000000017,26.041666666666668,32.03124999999999
