length,velocity_x,velocity_y
0.6299999999999955,21.314102564102566,41.666666666666664
