length,velocity_x,velocity_y
0.44305700000001025,9.953703703703704,15.046296296296296
