length,velocity_x,velocity_y
0.0899999999999892,18.75,16.666666666666664
