length,velocity_x,velocity_y
0.1799999999999784,1.0416666666666665,27.083333333333332
