length,velocity_x,velocity_y
0.18000000000000682,32.63888888888889,31.25
