length,velocity_x,velocity_y
0.18000000000000682,28.472222222222225,15.972222222222221
