length,velocity_x,velocity_y
0.5434280000000058,38.25757575757576,17.613636363636363
