length,velocity_x,velocity_y
0.3299999999999841,65.97222222222221,34.027777777777786
