length,velocity_x,velocity_y
0.3000000000000007,9.722222222222223,18.75
