length,velocity_x,velocity_y
0.36000000000001364,37.202380952380956,56.54761904761906
