length,velocity_x,velocity_y
0.14999999999997726,34.375,30.208333333333332
