length,velocity_x,velocity_y
0.15000000000000568,9.375,27.083333333333332
