length,velocity_x,velocity_y
0.4200000000000017,13.802083333333334,12.760416666666666
