word,length,velocity_x,velocity_y
или,0.2400000000000091,6.770833333333333,8.333333333333332
