length,velocity_x,velocity_y
0.480000000000004,9.166666666666666,11.041666666666668
