length,velocity_x,velocity_y
0.23999999999998067,25.520833333333332,14.583333333333334
