word,length,velocity_x,velocity_y
гораздо,0.35999999999989996,34.523809523809526,24.107142857142854
