word,length,velocity_x,velocity_y
думаю,0.2944919999999911,28.333333333333332,29.583333333333332
