word,length,velocity_x,velocity_y
двух,0.22983399999998255,5.555555555555555,27.77777777777778
