length,velocity_x,velocity_y
0.45000000000001705,8.796296296296296,28.7037037037037
