length,velocity_x,velocity_y
0.4200000000000017,19.444444444444446,14.120370370370368
