length,velocity_x,velocity_y
0.30000000000001137,63.33333333333334,71.25000000000001
