length,velocity_x,velocity_y
0.27000000000001023,12.916666666666664,15.833333333333332
