length,velocity_x,velocity_y
0.2700000000000031,37.083333333333336,29.583333333333332
