length,velocity_x,velocity_y
0.2701460000000111,12.5,16.666666666666664
