word,length,velocity_x,velocity_y
про,0.4800000000000182,13.125,9.583333333333332
