length,velocity_x,velocity_y
0.7199999999999989,18.489583333333336,35.80729166666667
