word,length,velocity_x,velocity_y
чтобы,0.3000000000000007,8.680555555555557,17.013888888888893
