word,length,velocity_x,velocity_y
чтобы,0.28784900000000135,29.166666666666668,57.986111111111114
