word,length,velocity_x,velocity_y
чтобы,0.3299999999999983,15.476190476190474,38.095238095238095
