word,length,velocity_x,velocity_y
девочки,0.6300000000000026,8.923076923076922,7.692307692307693
