length,velocity_x,velocity_y
0.3599999999999568,17.857142857142858,18.154761904761905
