word,length,velocity_x,velocity_y
ни,0.14999999999997726,47.91666666666667,17.708333333333336
