word,length,velocity_x,velocity_y
приложений,0.5699999999999932,8.173076923076923,14.743589743589745
