length,velocity_x,velocity_y
0.2896000000000072,44.16666666666666,10.0
