length,velocity_x,velocity_y
0.2400000000000091,28.645833333333332,10.9375
