word,length,velocity_x,velocity_y
языка,0.44191399999999703,14.120370370370368,9.953703703703704
