word,length,velocity_x,velocity_y
процесса,0.45000000000000284,12.291666666666664,23.749999999999996
