length,velocity_x,velocity_y
0.44999999999998863,17.59259259259259,19.444444444444446
