length,velocity_x,velocity_y
0.1799999999999784,26.38888888888889,20.833333333333336
