length,velocity_x,velocity_y
0.12000000000000455,8.333333333333332,22.916666666666664
