length,velocity_x,velocity_y
0.2699999999999818,5.833333333333333,12.916666666666664
