length,velocity_x,velocity_y
0.4500000000000455,10.208333333333334,26.041666666666664
