word,length,velocity_x,velocity_y
джинсы,0.35999999999999943,19.04761904761905,37.5
