length,velocity_x,velocity_y
0.3299999999999983,23.809523809523807,46.726190476190474
