length,velocity_x,velocity_y
0.20999999999999375,11.805555555555554,16.666666666666664
