length,velocity_x,velocity_y
0.18000000000000682,15.625,22.916666666666664
