length,velocity_x,velocity_y
0.2303760000000068,11.979166666666666,14.0625
