length,velocity_x,velocity_y
0.21000000000000796,15.104166666666668,7.8125
