length,velocity_x,velocity_y
0.30000000000001137,9.722222222222221,15.625
