length,velocity_x,velocity_y
0.39000000000000057,32.142857142857146,16.666666666666668
