word,length,velocity_x,velocity_y
бы,0.12000000000000455,27.083333333333332,27.083333333333332
