length,velocity_x,velocity_y
0.3299999999999983,12.152777777777779,13.888888888888888
