word,length,velocity_x,velocity_y
щит,0.3299999999999983,9.333333333333334,18.666666666666668
