word,length,velocity_x,velocity_y
золотой,0.5999999999999996,11.666666666666666,15.333333333333336
