word,length,velocity_x,velocity_y
сейчас,0.3300000000001546,10.119047619047619,19.345238095238095
