word,length,velocity_x,velocity_y
лучше,0.3300000000000409,15.178571428571427,27.38095238095238
