length,velocity_x,velocity_y
0.20999999999999996,16.666666666666664,14.583333333333334
