word,length,velocity_x,velocity_y
всего,0.4199999999998454,8.59375,13.020833333333334
