length,velocity_x,velocity_y
0.44999999999998863,21.296296296296294,15.50925925925926
