length,velocity_x,velocity_y
0.29999999999999893,12.847222222222221,14.236111111111112
