length,velocity_x,velocity_y
0.41375999999999635,10.677083333333332,13.28125
