word,length,velocity_x,velocity_y
что,0.18000000000006366,5.208333333333333,11.458333333333334
