word,length,velocity_x,velocity_y
очередь,0.2400000000000091,23.958333333333336,51.5625
