length,velocity_x,velocity_y
0.1799999999999784,11.11111111111111,34.72222222222223
