length,velocity_x,velocity_y
0.29999999999998295,25.34722222222222,9.722222222222221
