length,velocity_x,velocity_y
0.6599999999999966,10.27777777777778,8.194444444444443
