length,velocity_x,velocity_y
0.480000000000004,24.166666666666664,16.250000000000004
