length,velocity_x,velocity_y
0.45000000000000284,10.879629629629632,24.76851851851852
