length,velocity_x,velocity_y
0.19325699999998847,17.708333333333336,17.708333333333332
