word,length,velocity_x,velocity_y
их,0.2400000000000091,11.458333333333334,30.729166666666668
