length,velocity_x,velocity_y
0.32794900000001803,29.513888888888896,12.847222222222221
