length,velocity_x,velocity_y
0.38999999999998636,16.964285714285715,19.642857142857142
