length,velocity_x,velocity_y
0.4199999999999591,34.02777777777778,27.777777777777775
