word,length,velocity_x,velocity_y
какие-то,0.36000000000001364,7.142857142857142,10.119047619047619
