word,length,velocity_x,velocity_y
сможете,0.4200000000000017,10.879629629629628,31.944444444444443
