length,velocity_x,velocity_y
0.20999999999997954,19.270833333333336,10.9375
