length,velocity_x,velocity_y
0.509999999999998,12.68939393939394,16.85606060606061
