word,length,velocity_x,velocity_y
лил░,0.2400000000000002,45.833333333333336,130.20833333333331
