word,length,velocity_x,velocity_y
лил░,0.12290799999999535,35.41666666666667,6.25
