length,velocity_x,velocity_y
0.3900000000000148,9.114583333333332,12.760416666666666
