length,velocity_x,velocity_y
0.3299999999999841,25.694444444444443,53.125000000000014
