length,velocity_x,velocity_y
0.29999999999999716,10.0,35.833333333333336
