word,length,velocity_x,velocity_y
сказать,0.4470259999998234,45.13888888888889,31.71296296296296
