length,velocity_x,velocity_y
0.15000000000000036,39.58333333333333,12.5
