length,velocity_x,velocity_y
0.21000000000000796,15.972222222222221,8.333333333333332
