word,length,velocity_x,velocity_y
этой,0.18000000000006366,27.083333333333336,18.75
