length,velocity_x,velocity_y
0.35999999999999943,18.45238095238095,30.357142857142854
