word,length,velocity_x,velocity_y
из,0.15000000000009095,52.083333333333336,12.5
