word,length,velocity_x,velocity_y
свежими,0.43772500000000036,17.824074074074073,30.555555555555554
