word,length,velocity_x,velocity_y
две,0.35999999999999943,9.142857142857142,11.428571428571429
