length,velocity_x,velocity_y
0.3875980000000254,39.88095238095238,36.607142857142854
