length,velocity_x,velocity_y
0.4800000000000004,11.666666666666666,7.5
