length,velocity_x,velocity_y
0.3299999999999983,13.194444444444445,25.347222222222225
