word,length,velocity_x,velocity_y
известно,0.44999999999998863,13.333333333333336,15.0
