word,length,velocity_x,velocity_y
также,0.27000000000001023,19.16666666666667,29.999999999999993
