word,length,velocity_x,velocity_y
не,0.09000000000014552,22.916666666666664,29.166666666666668
