length,velocity_x,velocity_y
0.6899999999999977,47.5,31.944444444444443
