word,length,velocity_x,velocity_y
одна,0.629999999999999,7.8571428571428585,12.857142857142858
