length,velocity_x,velocity_y
0.3300000000000125,30.95238095238096,49.404761904761905
