length,velocity_x,velocity_y
0.539999999999992,37.121212121212125,20.64393939393939
