word,length,velocity_x,velocity_y
пока,0.4500000000000455,19.444444444444446,15.509259259259256
