word,length,velocity_x,velocity_y
три,0.240000000000002,27.604166666666668,32.291666666666664
