length,velocity_x,velocity_y
0.6499509999999873,10.0,13.055555555555557
