word,length,velocity_x,velocity_y
режима,0.360000000000003,8.035714285714286,9.821428571428573
