length,velocity_x,velocity_y
0.41219999999999857,29.166666666666668,40.27777777777778
