word,length,velocity_x,velocity_y
сайт,0.36000000000012733,7.440476190476191,36.30952380952381
