word,length,velocity_x,velocity_y
зовут,0.5699999999999998,10.66666666666667,29.0
