length,velocity_x,velocity_y
0.120000000000001,50.0,10.416666666666668
