length,velocity_x,velocity_y
0.12000000000000455,41.66666666666667,29.166666666666668
