length,velocity_x,velocity_y
0.4799999999999969,7.916666666666666,11.875
