word,length,velocity_x,velocity_y
самого,0.39338099999999976,8.571428571428573,25.142857142857146
