word,length,velocity_x,velocity_y
изо,0.2400000000000002,10.499999999999998,17.5
