word,length,velocity_x,velocity_y
нравится,0.3300000000000409,7.291666666666666,9.375
