length,velocity_x,velocity_y
0.4800000000000182,6.875000000000001,13.541666666666668
