length,velocity_x,velocity_y
0.3299999999999841,16.071428571428573,23.809523809523807
