length,velocity_x,velocity_y
0.23999999999998067,27.083333333333332,32.8125
