length,velocity_x,velocity_y
0.20999999999997954,28.472222222222225,18.75
