length,velocity_x,velocity_y
0.45000000000000284,14.791666666666666,13.541666666666668
