word,length,velocity_x,velocity_y
а,0.11999999999999034,16.666666666666664,6.25
