word,length,velocity_x,velocity_y
боюсь,0.7199999999999989,10.933333333333334,30.66666666666667
