length,velocity_x,velocity_y
0.27000000000001023,8.333333333333334,17.91666666666667
