length,velocity_x,velocity_y
0.3299999999999841,23.263888888888886,18.40277777777778
