length,velocity_x,velocity_y
0.27000000000003865,18.750000000000004,61.25000000000001
