length,velocity_x,velocity_y
0.2699999999999818,22.08333333333333,45.0
