length,velocity_x,velocity_y
0.629999999999999,22.11538461538462,16.18589743589743
