word,length,velocity_x,velocity_y
работы,0.30000000000001137,17.013888888888886,25.0
