length,velocity_x,velocity_y
0.2699999999999818,14.583333333333332,67.91666666666666
