length,velocity_x,velocity_y
0.8100000000000023,18.86574074074074,26.504629629629633
