length,velocity_x,velocity_y
0.5400000000000063,9.027777777777777,17.708333333333336
