length,velocity_x,velocity_y
0.3299999999999841,25.5952380952381,34.226190476190474
