word,length,velocity_x,velocity_y
пользователь,0.5099999999999909,17.083333333333332,32.708333333333336
