length,velocity_x,velocity_y
0.27,12.916666666666664,20.833333333333332
