length,velocity_x,velocity_y
0.14999999999999858,16.666666666666664,10.416666666666668
