length,velocity_x,velocity_y
0.27000000000001023,56.25,13.541666666666666
