length,velocity_x,velocity_y
0.6000000000000227,74.83974358974359,76.4423076923077
