word,length,velocity_x,velocity_y
первую,0.30000000000001137,36.66666666666667,62.916666666666664
