length,velocity_x,velocity_y
0.1799999999999784,23.958333333333336,39.583333333333336
