length,velocity_x,velocity_y
0.3299999999999841,17.857142857142858,23.21428571428571
