length,velocity_x,velocity_y
0.38999999999998636,11.718750000000002,18.749999999999996
