word,length,velocity_x,velocity_y
дорогие,0.3900000000000001,54.166666666666664,21.13095238095238
