length,velocity_x,velocity_y
0.4199999999999875,7.291666666666666,18.75
