length,velocity_x,velocity_y
0.5999999999999943,7.371794871794872,11.217948717948717
