length,velocity_x,velocity_y
0.30000000000001137,13.88888888888889,40.27777777777777
