length,velocity_x,velocity_y
0.33000000000000007,31.25,11.458333333333332
