length,velocity_x,velocity_y
0.3900000000000001,12.499999999999998,50.78125
