length,velocity_x,velocity_y
0.269999999999996,5.416666666666668,13.333333333333336
