length,velocity_x,velocity_y
0.24082400000000348,12.5,11.458333333333334
