length,velocity_x,velocity_y
0.30000000000000426,27.083333333333332,61.24999999999999
