length,velocity_x,velocity_y
0.26319600000000776,13.020833333333334,26.041666666666664
