length,velocity_x,velocity_y
0.269999999999996,7.083333333333333,14.583333333333332
