length,velocity_x,velocity_y
0.3599999999999852,16.964285714285715,24.404761904761905
