word,length,velocity_x,velocity_y
такого,0.29999999999998295,38.88888888888889,16.319444444444446
