length,velocity_x,velocity_y
0.6000000000000227,11.698717948717945,18.269230769230766
