length,velocity_x,velocity_y
0.44999999999998863,9.953703703703704,12.5
