word,length,velocity_x,velocity_y
пятьдесят,0.39000000000010004,13.802083333333334,39.58333333333333
