word,length,velocity_x,velocity_y
могут,0.2399999999998954,33.33333333333333,20.3125
