length,velocity_x,velocity_y
0.45000000000000284,25.23148148148148,39.81481481481482
