length,velocity_x,velocity_y
0.5100000000000051,7.575757575757576,10.227272727272728
