length,velocity_x,velocity_y
0.5279220000000038,10.037878787878785,14.962121212121213
