length,velocity_x,velocity_y
0.8400000000000034,67.54385964912281,52.85087719298245
