word,length,velocity_x,velocity_y
ужасного,0.5399999999999991,35.81818181818181,29.090909090909093
