length,velocity_x,velocity_y
0.5051070000000095,19.128787878787882,28.97727272727273
