length,velocity_x,velocity_y
0.3300000000000125,14.930555555555555,29.166666666666668
