length,velocity_x,velocity_y
0.3299999999999983,44.345238095238095,14.285714285714285
