length,velocity_x,velocity_y
0.36000000000001364,42.26190476190477,33.33333333333333
