length,velocity_x,velocity_y
0.660000000000025,9.970238095238097,15.625
