length,velocity_x,velocity_y
0.35999999999999943,27.67857142857143,17.261904761904763
