length,velocity_x,velocity_y
0.21370600000000195,14.583333333333334,23.611111111111114
