length,velocity_x,velocity_y
0.30000000000001137,26.73611111111111,48.95833333333333
