length,velocity_x,velocity_y
0.2999999999999998,54.513888888888886,43.05555555555556
