length,velocity_x,velocity_y
0.2699999999999818,45.833333333333336,52.91666666666666
