length,velocity_x,velocity_y
0.41999999999999815,10.15625,16.666666666666664
