length,velocity_x,velocity_y
0.41999999999999815,51.82291666666667,18.75
