word,length,velocity_x,velocity_y
насколько,0.6599999999999966,35.0,35.138888888888886
