length,velocity_x,velocity_y
0.6900000000000013,10.833333333333334,22.499999999999996
