length,velocity_x,velocity_y
0.6899999999999977,8.472222222222221,8.055555555555555
