length,velocity_x,velocity_y
0.6299999999999955,10.416666666666668,12.5
