length,velocity_x,velocity_y
0.20999999999997954,18.75,25.694444444444446
