length,velocity_x,velocity_y
0.27000000000003865,20.833333333333336,15.0
