length,velocity_x,velocity_y
0.36000000000001364,27.380952380952383,36.904761904761905
