length,velocity_x,velocity_y
0.2400000000000091,10.9375,42.70833333333333
