length,velocity_x,velocity_y
0.30000000000001137,18.75,14.166666666666666
