length,velocity_x,velocity_y
0.14999999999997726,22.916666666666668,61.45833333333333
