length,velocity_x,velocity_y
0.47999999999998977,30.416666666666664,23.541666666666668
