word,length,velocity_x,velocity_y
форме,0.33000000000000007,23.511904761904763,17.26190476190476
