length,velocity_x,velocity_y
0.2400000000000091,22.916666666666668,34.89583333333333
