length,velocity_x,velocity_y
0.1799999999999926,7.638888888888889,17.361111111111107
