word,length,velocity_x,velocity_y
чашечка,0.7199999999999989,7.333333333333334,13.866666666666667
