word,length,velocity_x,velocity_y
что-то,0.4500000000000455,35.64814814814815,9.25925925925926
