length,velocity_x,velocity_y
0.5699999999999932,11.805555555555554,19.444444444444446
