length,velocity_x,velocity_y
0.3626000000000005,9.821428571428573,33.333333333333336
