length,velocity_x,velocity_y
0.5099999999999909,8.958333333333332,26.666666666666668
