word,length,velocity_x,velocity_y
страшного,0.6599999999999966,52.99999999999999,49.42857142857142
