word,length,velocity_x,velocity_y
засовывать,0.6000000000000014,23.833333333333332,50.16666666666667
