length,velocity_x,velocity_y
0.41999999999999993,18.489583333333332,44.79166666666667
