length,velocity_x,velocity_y
0.6600000000000001,45.83333333333332,33.19444444444444
