word,length,velocity_x,velocity_y
кроме,0.38999999999998636,12.500000000000004,24.107142857142858
