length,velocity_x,velocity_y
0.6025630000000035,11.057692307692307,19.55128205128205
