word,length,velocity_x,velocity_y
такие,0.539999999999992,12.545454545454545,20.545454545454543
