length,velocity_x,velocity_y
0.38999999999998636,20.052083333333332,27.34375
