length,velocity_x,velocity_y
0.3300000000000125,33.33333333333333,36.80555555555555
