length,velocity_x,velocity_y
0.14999999999997726,8.333333333333332,31.25
