length,velocity_x,velocity_y
0.12000000000000455,22.916666666666664,22.916666666666664
