length,velocity_x,velocity_y
0.5400000000000205,25.946969696969703,23.863636363636363
