length,velocity_x,velocity_y
0.44999999999999574,17.12962962962963,14.120370370370368
