length,velocity_x,velocity_y
0.3600000000000012,8.928571428571429,21.428571428571427
