length,velocity_x,velocity_y
0.2699999999999818,15.833333333333332,17.083333333333332
