length,velocity_x,velocity_y
0.2699999999999818,19.270833333333336,19.791666666666664
