length,velocity_x,velocity_y
0.480000000000004,9.791666666666666,8.125
