word,length,velocity_x,velocity_y
хотя,0.2700000000000955,12.083333333333336,37.083333333333336
