length,velocity_x,velocity_y
0.5400000000000027,9.375,14.409722222222221
