word,length,velocity_x,velocity_y
будет,0.3300000000000409,10.76388888888889,44.79166666666667
