length,velocity_x,velocity_y
0.36000000000001364,13.69047619047619,27.380952380952383
