length,velocity_x,velocity_y
0.3299999999999983,9.821428571428573,13.988095238095235
