length,velocity_x,velocity_y
0.4199999999999875,10.879629629629628,6.712962962962964
