length,velocity_x,velocity_y
0.6899999999999977,40.694444444444436,31.388888888888893
