length,velocity_x,velocity_y
0.44999999999998863,6.25,8.333333333333332
