word,length,velocity_x,velocity_y
чем,0.5009840000000167,24.810606060606062,56.81818181818182
