length,velocity_x,velocity_y
0.38999999999998636,12.239583333333334,9.635416666666668
