length,velocity_x,velocity_y
0.4800000000000182,14.374999999999998,15.208333333333332
