length,velocity_x,velocity_y
0.75,16.299019607843135,11.642156862745098
