word,length,velocity_x,velocity_y
скушать,0.6300000000000026,10.769230769230766,34.46153846153845
