length,velocity_x,velocity_y
0.36000000000001364,20.238095238095237,45.23809523809524
