word,length,velocity_x,velocity_y
более,0.2999999999999545,45.833333333333336,18.75
