length,velocity_x,velocity_y
0.2699999999999818,56.666666666666664,22.5
