length,velocity_x,velocity_y
0.2400000000000091,8.854166666666668,26.562499999999993
