length,velocity_x,velocity_y
0.4200000000000159,11.342592592592595,14.351851851851851
