word,length,velocity_x,velocity_y
когда,0.32999999999992724,28.27380952380953,8.928571428571429
