length,velocity_x,velocity_y
0.38999999999998636,37.760416666666664,54.427083333333336
