length,velocity_x,velocity_y
0.36000000000001364,33.03571428571428,33.63095238095238
