length,velocity_x,velocity_y
0.3299999999999841,22.569444444444443,24.305555555555557
