length,velocity_x,velocity_y
0.36000000000001364,13.392857142857142,16.96428571428572
