length,velocity_x,velocity_y
0.4500000000000455,9.722222222222221,21.99074074074074
