length,velocity_x,velocity_y
0.20999999999999908,11.11111111111111,9.722222222222223
