word,length,velocity_x,velocity_y
цифра,0.36000000000001364,19.642857142857146,34.82142857142857
