word,length,velocity_x,velocity_y
таких,0.32677699999999277,37.84722222222223,23.95833333333333
