word,length,velocity_x,velocity_y
себя,0.2999999999999545,25.0,13.888888888888888
