length,velocity_x,velocity_y
0.33000000000000185,11.904761904761907,18.45238095238095
