length,velocity_x,velocity_y
0.36000000000001364,22.916666666666664,35.714285714285715
