word,length,velocity_x,velocity_y
одного,0.36000000000001364,55.35714285714285,29.166666666666668
