length,velocity_x,velocity_y
0.15000000000000036,2.083333333333333,2.083333333333333
