length,velocity_x,velocity_y
0.21000000000000085,27.77777777777778,14.583333333333334
