word,length,velocity_x,velocity_y
быть,0.14999999999997726,15.625,26.041666666666668
