length,velocity_x,velocity_y
0.5100000000000051,42.70833333333333,32.70833333333333
