length,velocity_x,velocity_y
0.29999999999999716,23.958333333333336,52.77777777777778
