word,length,velocity_x,velocity_y
будем,0.4800000000000182,16.041666666666664,9.374999999999998
