length,velocity_x,velocity_y
0.5400000000000205,16.666666666666664,9.090909090909092
