length,velocity_x,velocity_y
0.3599999999999852,37.20238095238095,26.785714285714285
