length,velocity_x,velocity_y
0.4199999999999875,13.802083333333334,27.083333333333332
