word,length,velocity_x,velocity_y
похудеть,0.6900000000000013,14.322916666666663,40.234375
