word,length,velocity_x,velocity_y
их,0.3300000000000054,51.78571428571429,26.488095238095244
