length,velocity_x,velocity_y
0.7199999999999704,11.979166666666666,29.296875000000007
