word,length,velocity_x,velocity_y
есть,0.37687499999992724,19.791666666666664,10.15625
