word,length,velocity_x,velocity_y
наша,0.5099999999999998,10.795454545454543,12.689393939393936
