length,velocity_x,velocity_y
0.2700000000000031,8.333333333333334,10.416666666666668
