length,velocity_x,velocity_y
0.23999999999999488,11.458333333333332,25.0
