length,velocity_x,velocity_y
0.30000000000001137,45.0,34.583333333333336
