length,velocity_x,velocity_y
0.4199999999999591,16.666666666666668,22.395833333333332
