length,velocity_x,velocity_y
0.7199999999999989,5.338541666666667,6.380208333333333
