length,velocity_x,velocity_y
0.5100000000000193,19.507575757575754,12.31060606060606
