length,velocity_x,velocity_y
0.36685500000001525,12.5,15.178571428571427
