length,velocity_x,velocity_y
0.09000000000000341,22.916666666666664,33.33333333333333
