length,velocity_x,velocity_y
0.3900000000000148,14.285714285714285,6.547619047619048
