length,velocity_x,velocity_y
0.18000000000000682,9.722222222222223,8.333333333333332
