length,velocity_x,velocity_y
0.45000000000001705,5.555555555555555,10.416666666666668
