word,length,velocity_x,velocity_y
если,0.2999999999999545,3.819444444444444,6.944444444444444
