length,velocity_x,velocity_y
0.4800000000000182,21.25,61.04166666666667
