word,length,velocity_x,velocity_y
этого,0.32999999999992724,6.944444444444445,16.666666666666664
