length,velocity_x,velocity_y
0.480000000000004,13.541666666666666,31.458333333333332
