word,length,velocity_x,velocity_y
будете,0.45000000000000284,16.666666666666668,40.625
