length,velocity_x,velocity_y
0.269999999999996,14.583333333333332,20.833333333333336
