length,velocity_x,velocity_y
0.14999999999997726,11.458333333333332,31.25
