length,velocity_x,velocity_y
0.38999999999998636,8.593750000000002,12.239583333333332
