word,length,velocity_x,velocity_y
того,0.32999999999992724,9.226190476190474,6.547619047619048
