length,velocity_x,velocity_y
0.27000000000000046,20.0,20.416666666666668
