length,velocity_x,velocity_y
0.3300000000000409,24.305555555555557,46.18055555555556
