length,velocity_x,velocity_y
0.38695300000000543,10.416666666666666,19.04761904761905
