length,velocity_x,velocity_y
0.6299999999999955,14.732142857142858,15.178571428571427
