length,velocity_x,velocity_y
0.30000000000001137,18.333333333333332,19.583333333333332
