length,velocity_x,velocity_y
0.862938999999983,12.280701754385966,18.969298245614034
