word,length,velocity_x,velocity_y
отсутствие,0.5400000000000205,11.284722222222221,27.777777777777775
