word,length,velocity_x,velocity_y
совершенно,0.32999999999992724,2.7777777777777777,19.791666666666664
