word,length,velocity_x,velocity_y
только,0.2699999999999818,23.4375,37.50000000000001
