length,velocity_x,velocity_y
0.1500000000000341,71.875,52.083333333333336
