length,velocity_x,velocity_y
0.44999999999998863,39.120370370370374,16.666666666666668
