length,velocity_x,velocity_y
0.2700000000000031,28.333333333333332,11.25
