word,length,velocity_x,velocity_y
разработчиков,0.75,22.303921568627455,15.686274509803921
