length,velocity_x,velocity_y
0.6299999999999955,21.72619047619047,16.517857142857146
