word,length,velocity_x,velocity_y
на,0.36000000000012733,35.11904761904762,34.82142857142857
