word,length,velocity_x,velocity_y
заданий,0.47999999999996135,10.416666666666668,11.666666666666666
