length,velocity_x,velocity_y
0.5999999999999943,93.42948717948715,17.94871794871795
