word,length,velocity_x,velocity_y
данных,0.4500000000000455,11.342592592592592,29.398148148148152
