length,velocity_x,velocity_y
0.4662299999999959,10.648148148148147,12.03703703703704
