word,length,velocity_x,velocity_y
доступ,0.47999999999998977,14.166666666666666,25.624999999999996
