length,velocity_x,velocity_y
0.3299999999999983,9.523809523809524,13.988095238095239
