word,length,velocity_x,velocity_y
массаж,0.42816299999999785,10.648148148148149,12.037037037037036
