word,length,velocity_x,velocity_y
так,0.20999999999999908,7.333333333333332,5.333333333333333
