word,length,velocity_x,velocity_y
безопасности,0.7800000000000011,22.337962962962962,9.722222222222223
