word,length,velocity_x,velocity_y
милан,0.35999999999999943,10.857142857142858,58.00000000000001
