length,velocity_x,velocity_y
0.4199999999999875,55.729166666666664,14.322916666666668
