length,velocity_x,velocity_y
0.3300000000000125,42.70833333333333,19.444444444444443
