word,length,velocity_x,velocity_y
касается,0.38999999999998636,13.020833333333334,23.697916666666668
