length,velocity_x,velocity_y
0.3299999999999983,51.041666666666664,10.76388888888889
