length,velocity_x,velocity_y
0.3300000000000125,7.440476190476191,29.761904761904763
