word,length,velocity_x,velocity_y
там,0.2699999999999818,11.458333333333332,18.75
