length,velocity_x,velocity_y
0.2700000000000031,14.062499999999996,33.33333333333333
