word,length,velocity_x,velocity_y
десять,0.35999999999989996,8.035714285714286,34.226190476190474
