length,velocity_x,velocity_y
0.3299999999999983,23.611111111111114,32.98611111111111
