length,velocity_x,velocity_y
0.17999999999999972,14.583333333333334,19.444444444444446
