length,velocity_x,velocity_y
0.269999999999996,29.583333333333332,20.416666666666668
