length,velocity_x,velocity_y
0.46067899999999895,7.407407407407408,18.51851851851852
