length,velocity_x,velocity_y
0.6299999999999955,10.119047619047619,31.69642857142857
