word,length,velocity_x,velocity_y
ситуацию,0.5099999999999909,16.041666666666664,13.541666666666666
