length,velocity_x,velocity_y
0.23999999999998067,22.395833333333332,54.166666666666664
