word,length,velocity_x,velocity_y
спасибо,0.3899999999999997,16.927083333333332,47.39583333333333
