length,velocity_x,velocity_y
0.29999999999999893,11.666666666666666,15.0
