word,length,velocity_x,velocity_y
прошлом,0.35999999999989996,13.988095238095239,33.035714285714285
