word,length,velocity_x,velocity_y
даже,0.18000000000006366,4.166666666666666,7.291666666666667
