word,length,velocity_x,velocity_y
самого,0.4800000000000004,33.11111111111111,44.0
