length,velocity_x,velocity_y
0.36000000000001364,36.904761904761905,16.666666666666668
