word,length,velocity_x,velocity_y
друг,0.23999999999999488,11.458333333333332,10.416666666666666
