word,length,velocity_x,velocity_y
а,0.14999999999997726,3.125,41.66666666666667
