word,length,velocity_x,velocity_y
два,0.3000000000000007,39.236111111111114,36.11111111111111
