word,length,velocity_x,velocity_y
два,0.509999999999998,86.17424242424244,64.77272727272727
