word,length,velocity_x,velocity_y
два,0.38999999999998636,25.260416666666668,53.38541666666667
