word,length,velocity_x,velocity_y
меня,0.4800000000000001,22.0,52.66666666666667
