length,velocity_x,velocity_y
0.45000000000000284,14.120370370370372,28.703703703703702
