length,velocity_x,velocity_y
0.39000000000000057,9.114583333333332,11.197916666666668
