length,velocity_x,velocity_y
0.4146530000000155,11.71875,19.270833333333332
