length,velocity_x,velocity_y
0.42300499999999985,30.32407407407407,15.277777777777779
