length,velocity_x,velocity_y
0.47999999999998977,17.916666666666668,16.249999999999996
