length,velocity_x,velocity_y
0.47999999999998977,20.0,15.833333333333332
