length,velocity_x,velocity_y
0.45000000000000284,18.287037037037038,18.749999999999996
