length,velocity_x,velocity_y
0.3299999999999841,23.511904761904763,13.69047619047619
