word,length,velocity_x,velocity_y
деле,0.2400000000000091,7.291666666666667,8.333333333333332
