length,velocity_x,velocity_y
0.29999999999998295,32.29166666666667,22.22222222222222
