length,velocity_x,velocity_y
0.17999999999999972,13.541666666666668,13.541666666666668
