length,velocity_x,velocity_y
0.2400000000000091,12.5,19.270833333333332
