length,velocity_x,velocity_y
0.4800000000000182,28.54166666666667,24.583333333333336
