length,velocity_x,velocity_y
0.3299999999999983,20.486111111111114,20.138888888888893
