length,velocity_x,velocity_y
0.38999999999998636,10.937499999999998,15.104166666666666
