length,velocity_x,velocity_y
0.38999999999998636,29.166666666666668,27.083333333333332
