length,velocity_x,velocity_y
0.5999999999999943,16.185897435897438,14.743589743589741
