length,velocity_x,velocity_y
0.20999999999999375,27.083333333333332,20.833333333333336
