length,velocity_x,velocity_y
0.8999999999999773,27.70833333333333,50.62500000000001
