word,length,velocity_x,velocity_y
чему,0.2400000000000091,10.9375,29.166666666666668
