length,velocity_x,velocity_y
0.45000000000000284,14.583333333333334,20.370370370370374
