length,velocity_x,velocity_y
0.44999999999998863,10.0,24.999999999999993
