length,velocity_x,velocity_y
0.4800000000000004,7.708333333333332,7.708333333333334
