length,velocity_x,velocity_y
0.4199999999999875,5.787037037037038,15.046296296296296
