length,velocity_x,velocity_y
0.35999999999999943,31.54761904761905,26.785714285714285
