length,velocity_x,velocity_y
0.3599999999999568,10.119047619047619,16.964285714285715
