length,velocity_x,velocity_y
0.6659030000000143,8.194444444444443,15.277777777777773
