length,velocity_x,velocity_y
0.4546579999999949,17.36111111111111,15.277777777777779
