word,length,velocity_x,velocity_y
четыре,0.3300000000000054,68.15476190476191,126.48809523809523
