length,velocity_x,velocity_y
0.20999999999999375,40.625,17.708333333333336
