length,velocity_x,velocity_y
0.5999999999999943,7.371794871794872,9.134615384615383
