word,length,velocity_x,velocity_y
девяносто,0.42000000000007276,10.416666666666668,12.5
