length,velocity_x,velocity_y
0.8100000000000023,21.600877192982455,21.710526315789476
