word,length,velocity_x,velocity_y
это,0.21000000000003638,29.861111111111114,15.972222222222223
