word,length,velocity_x,velocity_y
пятнадцати,0.5099999999999909,9.090909090909092,19.696969696969695
