length,velocity_x,velocity_y
0.4199999999999875,10.648148148148149,15.509259259259261
