word,length,velocity_x,velocity_y
украине,0.5399999999999636,8.143939393939394,19.318181818181817
