word,length,velocity_x,velocity_y
рвота,0.8700000000000045,35.368421052631575,45.89473684210527
