length,velocity_x,velocity_y
0.47999999999998977,13.125000000000004,15.833333333333332
