length,velocity_x,velocity_y
0.2400000000000091,30.208333333333332,43.75
