length,velocity_x,velocity_y
0.3600000000000003,26.785714285714285,17.857142857142858
