length,velocity_x,velocity_y
0.12000000000000455,72.91666666666666,39.58333333333333
