length,velocity_x,velocity_y
0.5700000000000074,8.854166666666668,14.0625
