word,length,velocity_x,velocity_y
разобраться,0.6000000000000227,23.076923076923077,31.73076923076923
