length,velocity_x,velocity_y
0.47999999999998977,17.291666666666668,19.583333333333332
