length,velocity_x,velocity_y
0.5400000000000205,36.74242424242424,58.90151515151515
