length,velocity_x,velocity_y
0.4500000000000455,51.85185185185185,30.78703703703704
