length,velocity_x,velocity_y
0.36000000000001364,38.095238095238095,24.404761904761905
