length,velocity_x,velocity_y
0.20999999999999996,15.104166666666666,56.770833333333336
