word,length,velocity_x,velocity_y
выделения,0.6600000000000037,20.714285714285715,70.42857142857142
