length,velocity_x,velocity_y
0.36000000000001364,34.523809523809526,21.13095238095238
