length,velocity_x,velocity_y
0.21000000000000085,9.027777777777779,13.88888888888889
