length,velocity_x,velocity_y
0.29999999999999716,21.666666666666664,61.66666666666666
