word,length,velocity_x,velocity_y
сможет,0.38999999999998636,30.989583333333332,15.885416666666668
