length,velocity_x,velocity_y
0.5699999999999932,6.423611111111112,26.909722222222225
