word,length,velocity_x,velocity_y
ведь,0.152706000000002,63.0,13.999999999999998
