word,length,velocity_x,velocity_y
тысячи,0.21000000000003638,16.666666666666664,12.5
