word,length,velocity_x,velocity_y
метров,0.39053499999999985,10.714285714285712,26.488095238095237
