length,velocity_x,velocity_y
0.20999999999999375,8.333333333333332,25.0
