length,velocity_x,velocity_y
0.1799999999999784,20.833333333333336,10.416666666666668
