word,length,velocity_x,velocity_y
знаете,0.32999999999992724,98.26388888888889,17.361111111111114
