length,velocity_x,velocity_y
0.21000000000000796,16.666666666666664,16.666666666666664
