length,velocity_x,velocity_y
0.20999999999997954,38.88888888888889,40.97222222222223
