length,velocity_x,velocity_y
0.4199999999999875,9.722222222222223,17.361111111111107
