length,velocity_x,velocity_y
0.33000000000000185,22.916666666666664,35.41666666666667
