length,velocity_x,velocity_y
0.4800000000000182,17.708333333333332,45.0
