length,velocity_x,velocity_y
0.30000000000001137,12.500000000000004,19.09722222222222
