length,velocity_x,velocity_y
0.36000000000001364,19.642857142857146,20.833333333333336
