length,velocity_x,velocity_y
0.3899999999999997,44.79166666666667,11.458333333333334
