word,length,velocity_x,velocity_y
образом,0.41999999999999993,30.324074074074076,17.12962962962963
