word,length,velocity_x,velocity_y
этого,0.2719239999999985,26.25,37.08333333333333
