word,length,velocity_x,velocity_y
этого,0.23999999999999488,90.10416666666667,257.2916666666667
