length,velocity_x,velocity_y
0.2699999999999818,29.6875,34.89583333333333
