length,velocity_x,velocity_y
0.35999999999999943,53.86904761904761,83.33333333333334
