length,velocity_x,velocity_y
0.36000000000001364,12.79761904761905,13.690476190476192
