length,velocity_x,velocity_y
0.21000000000000796,32.63888888888889,22.222222222222225
