length,velocity_x,velocity_y
0.18000000000000682,26.041666666666664,32.29166666666667
