word,length,velocity_x,velocity_y
питания,0.5399999999999991,17.013888888888886,20.486111111111114
