word,length,velocity_x,velocity_y
принципе,0.35999999999989996,37.202380952380956,26.785714285714285
