length,velocity_x,velocity_y
0.6899999999999977,7.638888888888888,17.5
