length,velocity_x,velocity_y
0.15000000000000568,20.833333333333332,68.75
