length,velocity_x,velocity_y
0.9599999999999795,22.348484848484855,18.087121212121215
