length,velocity_x,velocity_y
0.4200000000000017,23.84259259259259,9.25925925925926
