length,velocity_x,velocity_y
0.3356320000000039,19.444444444444446,12.152777777777779
