length,velocity_x,velocity_y
0.39000000000000057,32.29166666666667,34.375
