length,velocity_x,velocity_y
0.29999999999999716,3.3333333333333335,8.75
