word,length,velocity_x,velocity_y
нет,0.32999999999992724,10.069444444444443,12.152777777777777
