length,velocity_x,velocity_y
0.5099999999999909,12.31060606060606,17.613636363636363
