length,velocity_x,velocity_y
0.120000000000001,29.166666666666668,8.333333333333332
