length,velocity_x,velocity_y
0.7199999999999989,8.072916666666666,22.005208333333336
