length,velocity_x,velocity_y
0.09000000000000341,58.333333333333336,16.666666666666664
