length,velocity_x,velocity_y
0.12000000000000455,4.166666666666666,4.166666666666666
