length,velocity_x,velocity_y
0.09000000000003183,20.833333333333336,20.833333333333336
