length,velocity_x,velocity_y
0.08999999999997499,70.83333333333334,12.5
