length,velocity_x,velocity_y
0.12000000000000455,29.166666666666668,45.83333333333333
