length,velocity_x,velocity_y
0.21000000000000796,55.55555555555555,86.80555555555557
