length,velocity_x,velocity_y
0.3299999999999983,11.805555555555557,24.305555555555554
