length,velocity_x,velocity_y
0.45000000000001705,6.250000000000002,6.875000000000001
