length,velocity_x,velocity_y
0.5898339999999962,32.37179487179487,26.923076923076923
