length,velocity_x,velocity_y
0.4800000000000182,32.91666666666666,32.29166666666667
