length,velocity_x,velocity_y
0.47999999999996135,12.083333333333332,20.625
