length,velocity_x,velocity_y
0.2400000000000091,13.020833333333332,20.833333333333336
