length,velocity_x,velocity_y
0.21000000000000085,65.625,93.22916666666667
