length,velocity_x,velocity_y
0.1500000000000341,6.25,17.708333333333336
