length,velocity_x,velocity_y
0.27000000000000046,24.479166666666668,26.5625
