length,velocity_x,velocity_y
0.35999999999999943,6.845238095238096,6.25
