length,velocity_x,velocity_y
0.18000000000000682,6.25,2.083333333333333
