length,velocity_x,velocity_y
0.3599999999999568,19.64285714285714,19.642857142857142
