length,velocity_x,velocity_y
0.480000000000004,27.291666666666664,47.70833333333334
