length,velocity_x,velocity_y
0.35999999999999943,10.119047619047619,33.333333333333336
