length,velocity_x,velocity_y
0.18000000000000016,19.791666666666664,46.875
