length,velocity_x,velocity_y
0.23999999999998067,9.375,20.833333333333332
