word,length,velocity_x,velocity_y
кап,0.360000000000003,11.428571428571429,17.142857142857142
