length,velocity_x,velocity_y
0.20999999999999996,7.638888888888888,25.694444444444446
