word,length,velocity_x,velocity_y
опытом,0.38999999999998636,9.226190476190476,21.13095238095238
