length,velocity_x,velocity_y
0.2100000000000002,73.61111111111111,67.3611111111111
