length,velocity_x,velocity_y
0.304745999999966,11.805555555555557,32.29166666666667
