word,length,velocity_x,velocity_y
сегодня,0.44999999999998863,13.11111111111111,28.88888888888889
