length,velocity_x,velocity_y
0.45000000000000284,22.685185185185176,36.11111111111111
