length,velocity_x,velocity_y
0.5700000000000003,30.555555555555557,51.5625
