word,length,velocity_x,velocity_y
тем,0.3883080000000021,49.479166666666664,46.35416666666667
