length,velocity_x,velocity_y
0.39000000000000057,13.541666666666666,21.614583333333336
