length,velocity_x,velocity_y
0.20999999999999996,45.83333333333333,45.138888888888886
