word,length,velocity_x,velocity_y
для,0.14999999999986358,34.375,20.833333333333336
