length,velocity_x,velocity_y
0.5699999999999932,18.055555555555557,18.923611111111107
