length,velocity_x,velocity_y
0.240000000000002,18.229166666666664,27.604166666666668
