length,velocity_x,velocity_y
0.3299999999999841,52.976190476190474,43.75
