word,length,velocity_x,velocity_y
видеоблог,0.6270989999999999,13.988095238095239,16.666666666666668
