word,length,velocity_x,velocity_y
анусе,0.44999999999999574,21.111111111111107,25.555555555555557
