word,length,velocity_x,velocity_y
другом,0.39000000000000057,19.010416666666664,15.364583333333332
