word,length,velocity_x,velocity_y
собаки,0.7800000000000011,25.411764705882355,18.823529411764703
