length,velocity_x,velocity_y
0.21000000000000085,7.638888888888888,22.222222222222225
