length,velocity_x,velocity_y
0.7800000000000011,5.637254901960784,6.862745098039216
