length,velocity_x,velocity_y
0.25398900000000424,50.0,12.083333333333336
