length,velocity_x,velocity_y
0.14880599999999333,14.583333333333332,37.5
