length,velocity_x,velocity_y
0.18000000000000682,1.3888888888888888,11.11111111111111
