length,velocity_x,velocity_y
0.1799999999999784,23.611111111111114,25.694444444444446
