length,velocity_x,velocity_y
0.15000000000000568,16.666666666666664,9.375
