length,velocity_x,velocity_y
0.20999999999997954,26.5625,13.020833333333334
