length,velocity_x,velocity_y
0.18000000000000682,14.583333333333332,6.25
