length,velocity_x,velocity_y
0.15000000000000568,19.791666666666668,35.41666666666667
