length,velocity_x,velocity_y
0.14999999999997726,52.083333333333336,37.5
