length,velocity_x,velocity_y
0.14999999999997726,15.625,48.958333333333336
