length,velocity_x,velocity_y
0.1500000000000341,20.833333333333332,7.291666666666667
