length,velocity_x,velocity_y
0.11999999999999034,54.166666666666664,18.75
