length,velocity_x,velocity_y
0.14999999999999147,6.25,20.833333333333336
