length,velocity_x,velocity_y
0.2400000000000091,7.291666666666667,14.583333333333334
