length,velocity_x,velocity_y
0.4199999999999875,15.972222222222221,9.49074074074074
