word,length,velocity_x,velocity_y
такое,0.5399999999999636,63.82575757575758,34.46969696969697
