length,velocity_x,velocity_y
0.7199999999999989,7.552083333333333,15.625000000000004
