length,velocity_x,velocity_y
0.539999999999992,30.113636363636363,37.878787878787875
