length,velocity_x,velocity_y
0.4200000000000017,4.947916666666666,7.291666666666666
