length,velocity_x,velocity_y
0.17999999999999972,6.944444444444444,15.277777777777779
