word,length,velocity_x,velocity_y
чтобы,0.2400000000000091,9.895833333333332,26.041666666666668
