length,velocity_x,velocity_y
0.5999999999999659,10.897435897435898,19.07051282051282
