length,velocity_x,velocity_y
0.47999999999998977,16.875,23.958333333333336
