word,length,velocity_x,velocity_y
время,0.27661200000011377,19.166666666666668,27.083333333333332
