length,velocity_x,velocity_y
0.3300000000000125,9.027777777777777,13.541666666666666
