length,velocity_x,velocity_y
0.29999999999998295,70.83333333333334,39.23611111111111
