word,length,velocity_x,velocity_y
этим,0.18000000000006366,12.5,13.541666666666668
