length,velocity_x,velocity_y
0.5400000000000205,10.606060606060606,12.5
