length,velocity_x,velocity_y
0.4116210000000251,13.657407407407407,26.38888888888889
