word,length,velocity_x,velocity_y
всего,0.269999999999996,56.400000000000006,26.000000000000004
