length,velocity_x,velocity_y
0.29999999999999716,12.916666666666664,8.75
