length,velocity_x,velocity_y
0.29999999999998295,11.805555555555557,9.027777777777779
