length,velocity_x,velocity_y
0.21922500000000156,13.020833333333332,25.0
