length,velocity_x,velocity_y
0.3300000000000125,7.291666666666667,9.722222222222223
