length,velocity_x,velocity_y
0.3300000000000125,21.52777777777778,35.06944444444444
