length,velocity_x,velocity_y
0.6600000000000108,23.33333333333334,17.083333333333332
