length,velocity_x,velocity_y
0.29999999999999716,10.069444444444443,19.791666666666664
