length,velocity_x,velocity_y
0.20999999999997954,84.02777777777777,20.138888888888886
