length,velocity_x,velocity_y
0.4200000000000017,7.638888888888889,14.351851851851851
