length,velocity_x,velocity_y
0.20999999999999375,25.0,38.19444444444444
