word,length,velocity_x,velocity_y
просто,0.4499999999998181,16.666666666666664,17.59259259259259
