length,velocity_x,velocity_y
0.39000000000000057,12.760416666666668,25.0
