length,velocity_x,velocity_y
0.30000000000001137,38.74999999999999,17.083333333333332
