length,velocity_x,velocity_y
0.41999999999999993,35.18518518518518,33.101851851851855
