length,velocity_x,velocity_y
0.3299999999999983,40.27777777777777,20.138888888888886
