length,velocity_x,velocity_y
0.29999999999998295,16.666666666666664,19.444444444444443
