length,velocity_x,velocity_y
0.23999999999999488,35.9375,52.60416666666667
