length,velocity_x,velocity_y
0.4200000000000159,14.583333333333334,22.135416666666664
