length,velocity_x,velocity_y
0.36000000000001364,12.5,10.714285714285717
