word,length,velocity_x,velocity_y
появился,0.4199999999998454,6.712962962962962,17.824074074074073
