length,velocity_x,velocity_y
0.2400000000000091,39.0625,38.020833333333336
