word,length,velocity_x,velocity_y
видеть,0.5999999999999943,37.179487179487175,45.833333333333336
