length,velocity_x,velocity_y
0.48035200000001055,18.958333333333332,22.70833333333333
