length,velocity_x,velocity_y
0.15000000000000568,11.458333333333334,42.70833333333333
