length,velocity_x,velocity_y
0.15000000000000568,39.58333333333333,47.91666666666667
