length,velocity_x,velocity_y
0.27193699999999943,146.66666666666666,60.83333333333333
