word,length,velocity_x,velocity_y
радио,0.6600000000000819,15.47619047619048,47.32142857142857
