length,velocity_x,velocity_y
0.3299999999999841,15.624999999999996,17.013888888888893
