length,velocity_x,velocity_y
0.3899999999999997,14.583333333333334,19.791666666666668
