word,length,velocity_x,velocity_y
неожиданным,0.8099999999999987,84.3201754385965,33.771929824561404
