length,velocity_x,velocity_y
0.3506349999999998,29.464285714285715,25.595238095238095
