length,velocity_x,velocity_y
0.38999999999998636,10.15625,9.635416666666668
