length,velocity_x,velocity_y
0.3599999999999852,27.083333333333332,21.428571428571427
