length,velocity_x,velocity_y
0.5999999999999659,15.064102564102564,23.23717948717949
