length,velocity_x,velocity_y
0.7200000000000002,9.895833333333332,7.682291666666666
