length,velocity_x,velocity_y
0.44999999999998863,14.120370370370368,8.564814814814813
