length,velocity_x,velocity_y
0.4200000000000159,14.0625,33.85416666666667
