word,length,velocity_x,velocity_y
туда,0.20999999999997954,11.805555555555557,16.666666666666664
