length,velocity_x,velocity_y
0.41371599999999376,49.99999999999999,23.437499999999996
