length,velocity_x,velocity_y
0.5399999999999991,35.24305555555555,26.21527777777778
