length,velocity_x,velocity_y
0.1629320000000014,7.291666666666666,15.625
