length,velocity_x,velocity_y
0.23999999999995225,16.666666666666668,14.583333333333332
