length,velocity_x,velocity_y
0.30000000000001137,20.0,29.583333333333332
