length,velocity_x,velocity_y
0.30000000000001137,14.236111111111112,14.236111111111107
