length,velocity_x,velocity_y
0.3300000000000125,11.111111111111112,13.194444444444445
