length,velocity_x,velocity_y
0.17999999999994998,45.833333333333336,56.25
