length,velocity_x,velocity_y
0.4200000000000017,18.51851851851852,12.73148148148148
