length,velocity_x,velocity_y
0.5399999999999636,12.878787878787879,15.530303030303031
