word,length,velocity_x,velocity_y
во-вторых,0.38999999999987267,33.85416666666667,29.427083333333332
