word,length,velocity_x,velocity_y
пострадали,0.5699999999999932,21.35416666666667,25.173611111111104
