length,velocity_x,velocity_y
0.3000000000000007,21.52777777777778,30.208333333333336
