length,velocity_x,velocity_y
0.2699999999999818,13.333333333333336,10.0
