word,length,velocity_x,velocity_y
страны,0.36000000000001364,16.964285714285715,22.61904761904762
