length,velocity_x,velocity_y
0.3299999999999983,18.402777777777775,27.77777777777778
