length,velocity_x,velocity_y
0.21000000000000085,34.895833333333336,17.1875
