length,velocity_x,velocity_y
0.17999999999999972,4.861111111111111,2.7777777777777777
