length,velocity_x,velocity_y
0.5699999999999932,8.333333333333332,6.076388888888888
