length,velocity_x,velocity_y
0.18000000000000682,12.5,41.66666666666667
