length,velocity_x,velocity_y
0.15000000000000568,25.0,29.166666666666668
