length,velocity_x,velocity_y
0.27000000000001023,15.416666666666668,13.333333333333334
