length,velocity_x,velocity_y
0.6817530000000005,9.305555555555557,21.944444444444446
