length,velocity_x,velocity_y
0.960000000000008,13.731060606060607,13.257575757575758
