length,velocity_x,velocity_y
0.3854000000000042,22.023809523809522,24.702380952380953
