length,velocity_x,velocity_y
0.3299999999999983,7.291666666666667,10.416666666666668
