length,velocity_x,velocity_y
0.8399999999999892,12.5,43.85964912280701
