length,velocity_x,velocity_y
0.39000000000000057,15.625000000000004,10.937499999999998
