word,length,velocity_x,velocity_y
найти,0.2999999999999545,10.416666666666668,31.25
