length,velocity_x,velocity_y
0.44999999999999574,45.601851851851855,41.89814814814815
