word,length,velocity_x,velocity_y
увидеть,0.41999999999999815,14.120370370370372,30.092592592592588
