length,velocity_x,velocity_y
0.5099999999999909,17.234848484848484,20.454545454545457
