length,velocity_x,velocity_y
0.38999999999998636,45.052083333333336,38.020833333333336
