length,velocity_x,velocity_y
0.35999999999999943,16.071428571428573,13.392857142857142
