length,velocity_x,velocity_y
0.5008079999999921,10.833333333333332,19.166666666666668
