length,velocity_x,velocity_y
0.3299999999999983,26.73611111111111,76.38888888888889
