length,velocity_x,velocity_y
0.3300000000000125,12.847222222222221,17.013888888888886
