length,velocity_x,velocity_y
0.3821480000000008,40.476190476190474,33.333333333333336
