word,length,velocity_x,velocity_y
вами,0.2400000000000002,20.3125,60.416666666666664
