length,velocity_x,velocity_y
0.35999999999999943,28.273809523809522,23.511904761904763
