length,velocity_x,velocity_y
0.2699999999999996,32.50000000000001,29.58333333333333
