length,velocity_x,velocity_y
0.29999999999999893,31.944444444444443,68.05555555555554
