length,velocity_x,velocity_y
0.5999999999999659,48.07692307692308,29.647435897435898
