length,velocity_x,velocity_y
0.5399999999999991,24.431818181818183,34.28030303030303
