word,length,velocity_x,velocity_y
представить,0.47999999999996135,34.79166666666667,28.541666666666664
