word,length,velocity_x,velocity_y
украина,0.38522499999999127,38.020833333333336,13.28125
