word,length,velocity_x,velocity_y
менструальные,0.9899999999999949,26.181818181818173,30.727272727272727
