length,velocity_x,velocity_y
0.36000000000001364,23.809523809523814,13.988095238095239
