word,length,velocity_x,velocity_y
появились,0.3605569999999716,11.011904761904763,30.059523809523807
