length,velocity_x,velocity_y
0.6899999999999977,45.572916666666664,55.729166666666664
