length,velocity_x,velocity_y
0.3299999999999983,26.73611111111111,20.486111111111114
