length,velocity_x,velocity_y
0.27000000000001023,31.25,27.500000000000004
