length,velocity_x,velocity_y
0.29999999999998295,6.25,12.083333333333336
