length,velocity_x,velocity_y
0.47999999999996135,25.416666666666664,49.16666666666666
