length,velocity_x,velocity_y
0.4800000000000004,31.25,24.791666666666664
