word,length,velocity_x,velocity_y
вирус,0.29999999999998295,11.666666666666666,27.083333333333336
