word,length,velocity_x,velocity_y
две,0.17696799999998802,17.708333333333332,21.875
