word,length,velocity_x,velocity_y
далее,0.2400000000000091,19.791666666666664,22.395833333333336
