word,length,velocity_x,velocity_y
клиентов,0.6000000000000227,9.935897435897436,21.153846153846157
