word,length,velocity_x,velocity_y
уже,0.509999999999998,24.0530303030303,21.022727272727273
