length,velocity_x,velocity_y
0.2699999999999818,22.5,30.416666666666664
