length,velocity_x,velocity_y
0.2999999999999545,11.11111111111111,35.763888888888886
