length,velocity_x,velocity_y
0.240000000000002,16.145833333333336,17.708333333333332
