length,velocity_x,velocity_y
0.539999999999992,10.795454545454545,23.484848484848484
