word,length,velocity_x,velocity_y
до,0.2400000000000091,18.229166666666668,21.354166666666664
