length,velocity_x,velocity_y
0.35999999999999943,42.55952380952381,49.702380952380956
