length,velocity_x,velocity_y
0.44999999999998863,42.129629629629626,34.953703703703695
