length,velocity_x,velocity_y
0.3299999999999841,10.416666666666666,31.845238095238095
