length,velocity_x,velocity_y
0.2400000000000091,20.833333333333336,42.708333333333336
