length,velocity_x,velocity_y
0.75,25.98039215686275,24.01960784313725
