length,velocity_x,velocity_y
0.5999999999999943,21.153846153846153,17.307692307692307
