length,velocity_x,velocity_y
0.2400000000000002,14.0625,16.145833333333336
