length,velocity_x,velocity_y
0.3300000000000125,17.55952380952381,30.95238095238095
