length,velocity_x,velocity_y
0.30000000000001137,14.583333333333334,10.76388888888889
