length,velocity_x,velocity_y
0.6899999999999977,24.30555555555556,22.083333333333332
