word,length,velocity_x,velocity_y
себя,0.29999999999999893,14.583333333333334,73.95833333333334
