length,velocity_x,velocity_y
0.20999999999997954,15.972222222222223,38.19444444444445
