length,velocity_x,velocity_y
0.389999999999997,10.677083333333332,20.3125
