length,velocity_x,velocity_y
0.5099999999999909,6.818181818181819,12.310606060606059
