word,length,velocity_x,velocity_y
или,0.29999999999999716,18.8,17.599999999999998
