length,velocity_x,velocity_y
0.27000000000001023,28.749999999999996,15.0
