length,velocity_x,velocity_y
0.30000000000000426,31.249999999999993,20.416666666666668
