word,length,velocity_x,velocity_y
кто,0.1255959999998595,8.333333333333332,35.41666666666667
