word,length,velocity_x,velocity_y
лет,0.3000000000000682,13.888888888888888,27.083333333333332
