length,velocity_x,velocity_y
0.3300000000000125,6.944444444444444,20.486111111111114
