length,velocity_x,velocity_y
0.27462900000000445,13.333333333333336,42.91666666666667
