word,length,velocity_x,velocity_y
но,0.2999999999999545,7.083333333333333,10.416666666666666
