word,length,velocity_x,velocity_y
дождь,0.33000000000000007,8.666666666666666,17.666666666666664
