length,velocity_x,velocity_y
0.4499999999999993,69.58333333333334,49.58333333333334
