length,velocity_x,velocity_y
0.5400000000000009,23.958333333333336,14.23611111111111
