length,velocity_x,velocity_y
0.3599999999999852,8.630952380952381,10.714285714285714
