word,length,velocity_x,velocity_y
других,0.3300000000001546,11.011904761904763,27.976190476190478
