length,velocity_x,velocity_y
0.3299999999999983,8.680555555555554,8.333333333333332
