word,length,velocity_x,velocity_y
различных,0.47999999999996135,16.666666666666668,38.33333333333334
