word,length,velocity_x,velocity_y
вы,0.1922309999999925,14.583333333333334,54.166666666666664
