length,velocity_x,velocity_y
0.5456839999999943,51.90972222222222,37.326388888888886
