length,velocity_x,velocity_y
0.6599999999999966,6.696428571428571,7.142857142857142
