length,velocity_x,velocity_y
0.47999999999998977,14.375000000000002,14.374999999999998
