length,velocity_x,velocity_y
0.30000000000001137,14.166666666666666,44.58333333333333
