length,velocity_x,velocity_y
0.5400000000000205,37.310606060606055,28.598484848484855
