length,velocity_x,velocity_y
0.5700000000000074,24.826388888888882,32.29166666666667
