word,length,velocity_x,velocity_y
консультациях,0.8400000000000034,39.444444444444436,69.55555555555554
