word,length,velocity_x,velocity_y
моё,0.2699999999999996,17.599999999999998,42.0
