word,length,velocity_x,velocity_y
пятидесяти,0.5399999999999636,10.984848484848484,16.28787878787879
