length,velocity_x,velocity_y
0.36000000000001364,40.17857142857143,15.476190476190474
