length,velocity_x,velocity_y
0.35999999999999943,9.523809523809524,18.452380952380953
