length,velocity_x,velocity_y
0.5400000000000063,11.553030303030303,10.795454545454545
