length,velocity_x,velocity_y
0.21000000000000085,20.833333333333336,25.0
