word,length,velocity_x,velocity_y
поехали,0.4800000000000004,7.916666666666668,30.41666666666667
