word,length,velocity_x,velocity_y
свой,0.3599999999999852,21.428571428571427,20.238095238095237
