length,velocity_x,velocity_y
0.21000000000000796,9.374999999999998,10.9375
