length,velocity_x,velocity_y
0.30964600000000075,9.166666666666666,27.083333333333336
