length,velocity_x,velocity_y
0.18000000000000682,32.291666666666664,13.541666666666668
