length,velocity_x,velocity_y
0.17393599999996923,36.80555555555556,18.055555555555554
