length,velocity_x,velocity_y
0.3599999999999852,22.321428571428577,18.154761904761905
