word,length,velocity_x,velocity_y
сразу,0.36000000000001364,14.285714285714288,32.73809523809524
