word,length,velocity_x,velocity_y
люди,0.4500000000000455,66.2037037037037,53.00925925925925
