length,velocity_x,velocity_y
0.3599999999999852,13.095238095238097,13.392857142857142
