word,length,velocity_x,velocity_y
своей,0.480000000000004,10.600000000000001,22.0
