word,length,velocity_x,velocity_y
слишком,0.5399999999999991,14.90909090909091,26.727272727272727
